{"type":"Topology","arcs":[[[122,55],[-45,-42],[-16,26]],[[61,39],[47,40]],[[108,79],[14,0]],[[122,79],[0,-24]],[[197,121],[0,39]],[[197,160],[-21,29]],[[176,189],[7,2],[14,4],[25,-11],[-25,-63]],[[108,79],[14,13]],[[122,92],[0,-13]],[[138,107],[-16,-15]],[[122,92],[-17,-6]],[[105,86],[-3,19]],[[102,105],[6,9]],[[108,114],[30,-7]],[[137,121],[-15,21]],[[122,142],[26,40],[17,4]],[[165,186],[-28,-65]],[[105,86],[-24,-7]],[[81,79],[21,26]],[[197,121],[-19,-27],[-21,-9]],[[157,85],[-4,24]],[[153,109],[5,12]],[[158,121],[7,30],[32,9]],[[61,39],[-10,-11]],[[51,28],[0,44]],[[51,72],[30,7]],[[158,121],[-17,-5]],[[141,116],[-4,5]],[[165,186],[11,3]],[[157,85],[-35,-30]],[[138,107],[15,2]],[[138,107],[3,9]],[[108,114],[14,28]],[[51,28],[-32,-28],[-19,0],[30,53],[21,19]]],"transform":{"scale":[0.0008783783783783476,0.0005435897435897885],"translate":[-63.16799999999999,18.168999999999997]},"objects":{"units":{"type":"GeometryCollection","geometries":[{"type":null,"properties":{"name":"","fips":""}},{"arcs":[[0,1,2,3]],"type":"Polygon","properties":{"name":"Blowing Point","fips":""}},{"arcs":[[4,5,6]],"type":"Polygon","properties":{"name":"East End","fips":""}},{"arcs":[[-3,7,8]],"type":"Polygon","properties":{"name":"George Hill","fips":""}},{"type":null,"properties":{"name":"Island Harbour","fips":""}},{"arcs":[[9,10,11,12,13]],"type":"Polygon","properties":{"name":"North Hill","fips":""}},{"arcs":[[14,15,16]],"type":"Polygon","properties":{"name":"North Side","fips":""}},{"arcs":[[17,18,-12]],"type":"Polygon","properties":{"name":"Sandy Ground","fips":""}},{"arcs":[[19,20,21,22,-5]],"type":"Polygon","properties":{"name":"Sandy Hill","fips":""}},{"arcs":[[-8,-2,23,24,25,-18,-11]],"type":"Polygon","properties":{"name":"South Hill","fips":""}},{"arcs":[[-23,26,27,-17,28,-6]],"type":"Polygon","properties":{"name":"Stoney Ground","fips":""}},{"arcs":[[29,-4,-9,-10,30,-21]],"type":"Polygon","properties":{"name":"The Farrington","fips":""}},{"arcs":[[-31,31,-27,-22]],"type":"Polygon","properties":{"name":"The Quarter","fips":""}},{"arcs":[[-28,-32,-14,32,-15]],"type":"Polygon","properties":{"name":"The Valley","fips":""}},{"arcs":[[33,-25]],"type":"Polygon","properties":{"name":"West End","fips":""}}]}}}