{"type":"Topology","arcs":[[[103,110],[-13,53]],[[90,163],[35,26],[43,11]],[[168,200],[-42,-73],[-23,-17]],[[168,246],[0,-46]],[[90,163],[-42,-25]],[[48,138],[-4,29],[-42,39],[18,38],[-9,15],[13,46],[25,13]],[[49,318],[34,-13],[23,-44],[62,-15]],[[215,354],[2,-44],[-27,-11],[-22,-53]],[[49,318],[18,71],[35,-2],[51,17],[62,-50]],[[401,255],[-24,-11],[-26,-40]],[[351,204],[-31,24],[-8,40],[-88,-20],[-56,-2]],[[215,354],[12,-7],[130,-15],[-11,-36],[46,-24],[9,-17]],[[351,204],[-11,-68],[-38,-22],[-19,13]],[[283,127],[-4,22],[-28,22],[-41,0],[-19,25],[-23,4]],[[283,127],[-19,-59],[-38,-18],[-39,-6]],[[187,44],[-9,61],[-39,-8],[-36,13]],[[187,44],[-33,-5],[-18,-30],[-22,-9],[-69,11],[-45,96],[48,31]]],"transform":{"scale":[0.0008802992518702748,0.0005445544554455418],"translate":[1.4080000000000155,42.429]},"objects":{"units":{"type":"GeometryCollection","geometries":[{"arcs":[[0,1,2]],"type":"Polygon","properties":{"name":"Andorra la Vella","fips":"AN07"}},{"arcs":[[3,-2,4,5,6]],"type":"Polygon","properties":{"name":"La Massana","fips":"AN04"}},{"arcs":[[7,-7,8]],"type":"Polygon","properties":{"name":"Ordino","fips":"AN05"}},{"arcs":[[9,10,-8,11]],"type":"Polygon","properties":{"name":"Canillo","fips":"AN02"}},{"arcs":[[12,13,-4,-11]],"type":"Polygon","properties":{"name":"Encamp","fips":"AN03"}},{"arcs":[[14,15,-3,-14]],"type":"Polygon","properties":{"name":"Escaldes-Engordany","fips":"AN08"}},{"arcs":[[-16,16,-5,-1]],"type":"Polygon","properties":{"name":"Sant Julià de Lòria","fips":"AN06"}}]}}}