{"type":"Topology","arcs":[[[157,110],[-24,2],[-9,46]],[[124,158],[27,51],[42,17],[47,-6],[33,-18],[17,22],[9,-33],[-18,-13],[-66,-6],[-20,-7],[-38,-55]],[[1580,239],[-8,-21],[-54,-1],[-11,-26],[-21,0],[-7,40],[-16,22],[17,20],[25,8],[48,-2],[22,-15],[5,-25]],[[1357,363],[-27,-22],[2,37],[25,-15]],[[157,110],[-33,-70],[-31,-40],[-7,15],[-86,88],[48,44],[76,11]]],"transform":{"scale":[0.0008803797468354374,0.0005449735449735531],"translate":[-170.831,-14.375]},"objects":{"units":{"type":"GeometryCollection","geometries":[{"arcs":[[0,1]],"type":"Polygon","properties":{"name":"Eastern","fips":"60010"}},{"arcs":[[[2]],[[3]]],"type":"MultiPolygon","properties":{"name":"Manu's","fips":"60020"}},{"type":null,"properties":{"name":"Rose Atoll","fips":"60030"}},{"type":null,"properties":{"name":"Swain's Island","fips":"60040"}},{"arcs":[[4,-1]],"type":"Polygon","properties":{"name":"Western","fips":"60050"}}]}}}