{"type":"Topology","arcs":[[[72,1283],[14,-7],[39,7],[34,-49],[21,-63],[8,-55],[-2,-59],[-6,-34],[-40,-15],[-7,31],[-20,24],[-71,46],[-2,75],[-17,90],[16,-13],[24,-53],[-5,-64],[14,-11],[6,80],[-6,41],[-29,38],[5,35],[16,15],[22,-46],[-14,-13]],[[157,215],[0,-44],[-21,-35]],[[136,136],[-25,24],[-1,58],[-10,52],[16,2],[-1,36]],[[115,308],[23,-69],[19,-24]],[[204,176],[-15,-16],[-6,-37]],[[183,123],[-47,-7]],[[136,116],[0,20]],[[157,215],[3,27],[17,8],[27,-74]],[[191,75],[-8,48]],[[204,176],[38,15],[15,-40],[-31,0],[26,-39],[-15,-53],[-46,16]],[[191,75],[-9,-5],[4,-63],[-27,-7],[-26,40],[-31,-22]],[[102,18],[-12,76]],[[90,94],[9,14],[37,8]],[[102,18],[-54,2],[-43,50],[12,46],[-3,35],[18,14]],[[32,165],[13,15],[31,-22],[-9,-74],[23,10]],[[32,165],[-32,26],[13,18],[46,24],[-8,46],[27,37],[37,-8]]],"transform":{"scale":[0.0008793774319066113,0.0005447093889716906],"translate":[-61.893999999999984,16.997]},"objects":{"units":{"type":"GeometryCollection","geometries":[{"arcs":[[0]],"type":"Polygon","properties":{"name":"Barbuda","fips":"AC01"}},{"type":null,"properties":{"name":"Redonda","fips":"AC09"}},{"arcs":[[1,2,3]],"type":"Polygon","properties":{"name":"Saint George","fips":"AC03"}},{"arcs":[[4,5,6,-2,7]],"type":"Polygon","properties":{"name":"Saint Peter","fips":"AC07"}},{"arcs":[[8,-5,9]],"type":"Polygon","properties":{"name":"Saint Philip","fips":"AC08"}},{"arcs":[[10,11,12,-6,-9]],"type":"Polygon","properties":{"name":"Saint Paul","fips":"AC06"}},{"arcs":[[-12,13,14]],"type":"Polygon","properties":{"name":"Saint Mary","fips":"AC05"}},{"arcs":[[-3,-7,-13,-15,15]],"type":"Polygon","properties":{"name":"Saint John","fips":"AC04"}}]}}}