{"type":"Topology","arcs":[[[491,88],[-27,-11],[-5,40],[29,-5],[3,-24]],[[475,250],[-24,-79],[-20,-26],[16,-53],[-14,-31],[11,-19],[-19,-42],[-22,13],[13,46],[-1,42],[-9,16],[5,63],[33,64],[31,6]],[[160,991],[51,-24],[14,11],[40,-48]],[[265,930],[6,-78],[-4,-162],[-16,-202],[-11,-40],[-33,-79],[-21,116],[-18,58],[-23,52],[-48,82],[-9,50],[22,62],[13,53]],[[123,842],[27,-1],[27,16],[-17,134]],[[43,1002],[2,-27],[-42,5],[-3,68],[17,27],[24,-16],[2,-57]],[[138,1198],[-3,-47],[38,-6],[19,-35]],[[192,1110],[-34,-11],[-14,-18],[16,-90]],[[123,842],[-7,70],[-17,68],[-19,50],[-4,51],[13,86],[22,33],[27,-2]],[[192,1110],[49,-62],[28,46],[19,-94],[-2,-33],[-22,-9],[1,-28]],[[138,1198],[46,-25],[48,25],[25,-62],[-17,-24],[-48,-2]],[[310,1208],[32,-46],[-11,-35],[-20,15],[-10,51],[-41,4],[-13,40],[2,29],[35,15],[25,-18],[1,-55]]],"transform":{"scale":[0.0008798370672097515,0.000544886807181895],"translate":[50.38300000000001,25.589]},"objects":{"units":{"type":"GeometryCollection","geometries":[{"arcs":[[[0]],[[1]],[[2,3,4]]],"type":"MultiPolygon","properties":{"name":"Al Janūbīyah","fips":""}},{"arcs":[[[5]],[[6,7,-5,8]]],"type":"MultiPolygon","properties":{"name":"Ash Shamālīyah","fips":""}},{"arcs":[[-3,-8,9]],"type":"Polygon","properties":{"name":"Al Wusţá","fips":""}},{"arcs":[[-7,10]],"type":"Polygon","properties":{"name":"Al Manāmah","fips":""}},{"arcs":[[11]],"type":"Polygon","properties":{"name":"Al Muḩarraq","fips":""}}]}}}