{"type":"Topology","arcs":[[[162,97],[-27,-29]],[[135,68],[-20,9]],[[115,77],[-1,22]],[[114,99],[36,26]],[[150,125],[12,-28]],[[199,160],[8,-19]],[[207,141],[-10,-9]],[[197,132],[-8,15]],[[189,147],[10,13]],[[199,160],[-19,31]],[[180,191],[16,-2]],[[196,189],[15,-22]],[[211,167],[-12,-7]],[[105,29],[-11,26]],[[94,55],[21,22]],[[135,68],[-30,-39]],[[115,77],[-6,0],[-12,-2],[17,24]],[[211,167],[-4,-26]],[[180,191],[10,20],[42,46],[32,-39],[-8,-16],[-41,9],[-19,-22]],[[197,132],[-35,-35]],[[150,125],[6,9],[14,2],[19,11]],[[53,20],[21,-11]],[[74,9],[-52,-9],[-22,31],[19,6],[6,-26],[28,9]],[[105,29],[-31,-20]],[[53,20],[41,35]]],"transform":{"scale":[0.0008787878787878761,0.0005447470817120092],"translate":[-64.88,32.24900000000001]},"objects":{"units":{"type":"GeometryCollection","geometries":[{"type":null,"properties":{"name":"City of Hamilton","fips":""}},{"type":null,"properties":{"name":"City of Saint George","fips":""}},{"arcs":[[0,1,2,3,4]],"type":"Polygon","properties":{"name":"Devonshire","fips":""}},{"arcs":[[[5,6,7,8]],[[9,10,11,12]]],"type":"MultiPolygon","properties":{"name":"Hamilton","fips":""}},{"arcs":[[13,14,-2,15]],"type":"Polygon","properties":{"name":"Paget","fips":""}},{"arcs":[[-3,16]],"type":"Polygon","properties":{"name":"Pembroke","fips":""}},{"arcs":[[[-6,-13,17]],[[-11,18]]],"type":"MultiPolygon","properties":{"name":"Saint George's","fips":""}},{"type":null,"properties":{"name":"Sandys","fips":""}},{"arcs":[[19,-5,20,-8]],"type":"Polygon","properties":{"name":"Smith's","fips":""}},{"arcs":[[21,22]],"type":"Polygon","properties":{"name":"Southampton","fips":""}},{"arcs":[[23,-22,24,-14]],"type":"Polygon","properties":{"name":"Warwick","fips":""}}]}}}