{"type":"Topology","arcs":[[[201,64],[-37,-53],[-31,-11],[-11,31],[-21,19],[-41,11]],[[60,61],[36,29],[-2,15]],[[94,105],[65,38]],[[159,143],[14,-13],[11,-46],[17,-20]],[[122,354],[-25,-11],[-15,-51]],[[82,292],[-23,11]],[[59,303],[-6,48]],[[53,351],[2,62],[41,26]],[[96,439],[26,-85]],[[164,174],[-5,-31]],[[94,105],[-19,97]],[[75,202],[38,35]],[[113,237],[16,5]],[[129,242],[26,-40],[9,-28]],[[59,303],[-18,-22],[-8,-40],[15,-59]],[[48,182],[-23,-24],[-11,9]],[[14,167],[-6,33],[-6,145]],[[2,345],[26,11],[25,-5]],[[210,250],[-46,-76]],[[129,242],[1,28],[24,37]],[[154,307],[29,-37],[27,-20]],[[113,237],[-11,31],[-20,24]],[[122,354],[32,-47]],[[88,465],[-62,-32],[-26,-23]],[[0,410],[1,68],[24,49],[20,13],[22,-18],[21,-57]],[[60,61],[-25,18],[-21,88]],[[48,182],[27,20]],[[2,345],[-2,65]],[[88,465],[8,-26]],[[210,250],[33,-22],[14,-28],[-3,-62],[-30,-48],[-23,-26]]],"transform":{"scale":[0.0008793774319066113,0.0005444444444444388],"translate":[-59.65299999999999,13.051000000000002]},"objects":{"units":{"type":"GeometryCollection","geometries":[{"arcs":[[0,1,2,3]],"type":"Polygon","properties":{"name":"Christ Church","fips":"BB01"}},{"arcs":[[4,5,6,7,8]],"type":"Polygon","properties":{"name":"Saint Andrew","fips":"BB02"}},{"arcs":[[9,-3,10,11,12,13]],"type":"Polygon","properties":{"name":"Saint George","fips":"BB03"}},{"arcs":[[-7,14,15,16,17]],"type":"Polygon","properties":{"name":"Saint James","fips":"BB04"}},{"arcs":[[18,-14,19,20]],"type":"Polygon","properties":{"name":"Saint John","fips":"BB05"}},{"arcs":[[-20,-13,21,-5,22]],"type":"Polygon","properties":{"name":"Saint Joseph","fips":"BB06"}},{"arcs":[[23,24]],"type":"Polygon","properties":{"name":"Saint Lucy","fips":"BB07"}},{"arcs":[[-2,25,-16,26,-11]],"type":"Polygon","properties":{"name":"Saint Michael","fips":"BB08"}},{"arcs":[[-8,-18,27,-24,28]],"type":"Polygon","properties":{"name":"Saint Peter","fips":"BB09"}},{"arcs":[[-4,-10,-19,29]],"type":"Polygon","properties":{"name":"Saint Philip","fips":"BB10"}},{"arcs":[[-22,-12,-27,-15,-6]],"type":"Polygon","properties":{"name":"Saint Thomas","fips":"BB11"}}]}}}