{"type":"Topology","arcs":[[[1996,3532],[-17,-13],[-21,8],[-17,27],[-6,46],[17,6],[48,-39],[-4,-35]],[[2185,0],[-43,11],[-18,37],[28,58],[26,-3],[36,-61],[3,-20],[-32,-22]],[[117,1286],[-8,-31],[-35,6],[-22,16],[-45,-5],[-7,34],[9,56],[9,12],[51,4],[40,-27],[8,-65]],[[2420,3848],[-16,-2],[-20,44],[-2,24],[29,59],[7,-28],[2,-97]],[[2863,3241],[-25,-8],[-10,61],[29,2],[12,-24],[-6,-31]],[[75,5705],[-7,-44],[4,-46],[-21,-17],[-9,39],[5,35],[28,33]],[[2156,23776],[-43,9],[-21,20],[-7,33],[71,-51],[0,-11]]],"transform":{"scale":[0.0008804461484837959,0.000544970215622116],"translate":[-159.839,-21.938000000000002]},"objects":{"units":{"type":"GeometryCollection","geometries":[{"arcs":[[0]],"type":"Polygon","properties":{"name":"Atiu","fips":""}},{"type":null,"properties":{"name":"Aitutaki","fips":""}},{"arcs":[[1]],"type":"Polygon","properties":{"name":"Mangaia","fips":""}},{"arcs":[[2]],"type":"Polygon","properties":{"name":"Rarotonga","fips":""}},{"arcs":[[3]],"type":"Polygon","properties":{"name":"Mitiaro","fips":""}},{"arcs":[[4]],"type":"Polygon","properties":{"name":"Mauke","fips":""}},{"arcs":[[5]],"type":"Polygon","properties":{"name":"Palmerston","fips":""}},{"type":null,"properties":{"name":"Pukapuka","fips":""}},{"type":null,"properties":{"name":"Rakahanga","fips":""}},{"type":null,"properties":{"name":"Manihiki","fips":""}},{"arcs":[[6]],"type":"Polygon","properties":{"name":"Penrhyn","fips":""}}]}}}