{"type":"Topology","arcs":[[[716,7],[-28,0],[-77,24],[-79,4],[-23,24],[-2,49],[-29,32],[-4,89],[7,28],[34,-24],[69,-26],[140,-150],[13,-31],[-21,-19]],[[284,819],[-28,-2],[-14,37],[-64,93],[-17,11],[-49,6],[-25,16],[-30,46],[-10,50],[-41,75],[-6,44],[11,40],[24,57],[-3,61],[15,325],[-8,40],[34,112],[61,28],[28,7],[21,-15],[24,-57],[4,-33],[-25,-343],[11,-75],[51,-114],[18,-75],[0,-77],[19,-39],[13,-57],[27,-57],[-22,-90],[-19,-14]],[[1444,534],[48,-244],[3,-26],[-1,-224],[-6,-33],[-23,-7],[-21,35],[-13,51],[-83,92],[-17,51],[-17,15],[-44,15],[-72,57],[-54,55],[18,22],[30,-20],[69,-26],[24,26],[34,-11],[29,42],[17,70],[-3,60],[55,41],[27,-41]]],"transform":{"scale":[0.0008802675585284299,0.0005447721179624617],"translate":[43.212999999999994,-12.376999999999995]},"objects":{"units":{"type":"GeometryCollection","geometries":[{"arcs":[[0]],"type":"Polygon","properties":{"name":"Moûhîlî","fips":"CN03"}},{"arcs":[[1]],"type":"Polygon","properties":{"name":"Andjazîdja","fips":"CN02"}},{"arcs":[[2]],"type":"Polygon","properties":{"name":"Andjouân","fips":"CN01"}}]}}}