{"type":"Topology","arcs":[[[764,70],[-4,-28],[-35,-42],[-31,42],[-16,74],[11,33],[52,29],[19,-46],[4,-62]],[[1115,259],[-10,-68],[10,-41],[24,-29],[36,6],[27,40]],[[1202,167],[5,-40],[-46,-76],[-49,-29],[-43,9],[-39,31],[-66,87],[-15,35],[-6,38],[5,37],[37,84],[27,31],[40,32]],[[1052,406],[63,-147]],[[1198,277],[-42,-4],[-41,-14]],[[1052,406],[30,23],[44,13],[25,-7],[15,-22],[25,-92],[7,-44]],[[1198,277],[6,-46],[-2,-64]],[[1931,782],[-34,-85]],[[1897,697],[-45,-7],[-51,7]],[[1801,697],[7,59],[14,31],[-13,68],[-18,44],[-1,33],[32,39],[16,-39],[21,21],[18,-19],[6,-31],[-15,-22],[16,-33],[55,-53],[-8,-13]],[[1964,600],[10,-46]],[[1974,554],[-34,-44],[4,-35],[17,-44]],[[1961,431],[-14,-46],[-32,-12],[-10,-24],[-22,-15],[-19,-33]],[[1864,301],[-18,33],[0,61],[-47,34],[-20,103],[20,61],[-16,88],[18,16]],[[1897,697],[-1,-31],[42,-55],[11,-33],[15,22]],[[2003,672],[-39,-72]],[[1931,782],[29,-20],[17,-44],[26,-46]],[[2125,477],[-22,-33],[-25,24]],[[2078,468],[-27,37],[-34,5]],[[2017,510],[-1,30],[-42,14]],[[2003,672],[29,-33],[17,3],[46,-75],[30,-90]],[[2017,510],[-6,-47],[-30,-28]],[[1981,435],[-20,-4]],[[2078,468],[-19,-9],[-37,-57],[-23,-20]],[[1999,382],[-18,24],[0,29]],[[2141,312],[-23,22],[-23,-5],[-28,-32],[-32,-9]],[[2035,288],[-19,13],[-3,50],[-14,31]],[[2125,477],[17,-48],[31,-49],[-14,-46],[-18,-22]],[[2035,288],[5,-35],[24,-62]],[[2064,191],[-28,11],[-69,7],[-60,33],[-43,59]],[[2141,312],[1,-22],[-27,-79],[-51,-20]],[[2476,945],[16,-11],[25,9],[20,-35],[0,-78],[14,-105],[-2,-50],[-19,-45],[-30,-13],[-10,-30],[-22,-9],[-39,28],[-27,29],[-19,46],[24,103],[2,44],[-13,29],[25,29],[16,46],[23,39],[16,-26]],[[2843,2575],[27,-6],[19,45],[21,5],[67,-26],[24,-20],[11,-48],[25,-20],[3,-31],[-3,-70],[17,-42],[-15,-51],[-80,-96],[-63,-46],[-66,-7],[-38,33],[-55,37],[-13,20],[-7,39],[7,67],[49,68],[-11,160],[19,33],[33,-29],[29,-15]],[[2793,3498],[15,-22],[2,-29],[-9,-66],[-13,-31],[-1,-43],[-31,-24],[-13,140],[-18,55],[-24,-18],[-6,62],[14,64],[-14,6],[-10,42],[1,59],[78,80],[31,-56],[-17,-48],[9,-15],[-3,-108],[9,-48]],[[1171,3082],[-1,55],[13,124],[-6,59],[-21,28],[-33,2],[-11,25],[11,24],[-10,39]],[[1113,3438],[17,9],[23,-13],[41,-50],[26,-12],[62,16],[63,-38],[93,-13],[25,-15],[35,-39],[5,-56],[-13,-4],[-81,-2],[-87,61],[-47,18],[-44,-28],[-16,-29],[-33,-94],[-11,-67]],[[1171,3082],[-25,89],[-22,45],[-11,66],[-36,14],[-20,31],[-6,41],[9,42],[53,28]],[[893,3333],[-6,-26],[-30,8],[10,25],[26,-7]],[[716,3584],[26,-38],[-42,-4],[-17,39],[-38,36],[0,26],[17,24],[27,-15],[27,-68]],[[486,3880],[15,-35],[-9,-15],[26,-34],[16,-8],[11,-33],[1,-44],[-46,-38],[-59,-11],[-31,-24],[-72,44],[-20,22],[-16,46],[14,33],[32,29],[35,2],[8,35],[46,40],[7,-26],[31,26],[11,-9]],[[321,4240],[52,-15],[46,-50]],[[419,4175],[-32,-55],[-32,-20],[-14,-24],[-68,-51],[-54,-96],[-28,-31],[-49,-9],[-43,0],[-34,-11],[-16,39],[-1,123],[-16,42],[-31,18],[-1,59],[44,66],[42,2],[40,55]],[[126,4282],[61,-53],[38,-41],[51,33],[45,19]],[[375,4297],[-54,-57]],[[126,4282],[48,40],[26,9],[69,54],[18,7],[28,-22],[44,-6],[16,-25],[0,-42]],[[375,4297],[33,-21],[25,-36],[2,-32],[-16,-33]]],"transform":{"scale":[0.0008804846103470835,0.0005448542805100184],"translate":[-25.355999999999995,14.804]},"objects":{"units":{"type":"GeometryCollection","geometries":[{"arcs":[[0]],"type":"Polygon","properties":{"name":"Brava","fips":"CV02"}},{"arcs":[[1,2,3]],"type":"Polygon","properties":{"name":"São Filipe","fips":"CV18"}},{"arcs":[[4,-4,5]],"type":"Polygon","properties":{"name":"Mosteiros","fips":"CV13"}},{"arcs":[[-2,-5,6]],"type":"Polygon","properties":{"name":"Santa Catarina do Fogo","fips":"CV24"}},{"arcs":[[7,8,9]],"type":"Polygon","properties":{"name":"Tarrafal","fips":"CV20"}},{"arcs":[[10,11,12,13,-9,14]],"type":"Polygon","properties":{"name":"Santa Catarina","fips":"CV15"}},{"arcs":[[15,-15,-8,16]],"type":"Polygon","properties":{"name":"São Miguel","fips":"CV19"}},{"arcs":[[17,18,19,-11,-16,20]],"type":"Polygon","properties":{"name":"Santa Cruz","fips":"CV16"}},{"arcs":[[21,22,-12,-20]],"type":"Polygon","properties":{"name":"São Salvador do Mundo","fips":"CV26"}},{"arcs":[[23,24,-22,-19]],"type":"Polygon","properties":{"name":"São Lourenço dos Órgãos","fips":"CV25"}},{"arcs":[[25,26,-24,-18,27]],"type":"Polygon","properties":{"name":"São Domingos","fips":"CV17"}},{"arcs":[[-27,28,29,-13,-23,-25]],"type":"Polygon","properties":{"name":"Ribeira Grande de Santiago","fips":"CV23"}},{"arcs":[[30,-29,-26]],"type":"Polygon","properties":{"name":"Praia","fips":"CV14"}},{"arcs":[[31]],"type":"Polygon","properties":{"name":"Maio","fips":"CV04"}},{"arcs":[[32]],"type":"Polygon","properties":{"name":"Boa Vista","fips":"CV01"}},{"arcs":[[33]],"type":"Polygon","properties":{"name":"Sal","fips":"CV08"}},{"arcs":[[34,35]],"type":"Polygon","properties":{"name":"Ribeira Brava","fips":"CV22"}},{"arcs":[[36,-35]],"type":"Polygon","properties":{"name":"Tarrafal de São Nicolau","fips":"CV27"}},{"arcs":[[[37]],[[38]],[[39]]],"type":"MultiPolygon","properties":{"name":"São Vicente","fips":"CV11"}},{"arcs":[[40,41,42]],"type":"Polygon","properties":{"name":"Porto Novo","fips":"CV21"}},{"arcs":[[43,-43,44]],"type":"Polygon","properties":{"name":"Ribeira Grande","fips":"CV07"}},{"arcs":[[-41,-44,45]],"type":"Polygon","properties":{"name":"Paul","fips":"CV05"}}]}}}