{"type":"Topology","arcs":[[[457,0],[-52,0],[-29,22],[-59,66],[-59,28],[-38,35],[-33,42],[-22,77],[-59,26],[-15,29],[-35,90],[-42,44],[-5,26],[0,101],[-9,31],[12,24],[61,-44],[41,-50],[13,-33],[12,-86],[10,-37],[42,-62],[49,-39],[143,-55],[16,-16],[10,-61],[76,-123],[-5,-28],[-23,-7]]],"transform":{"scale":[0.000880412371134005,0.0005444617784711225],"translate":[-69.172,12.043000000000006]},"objects":{"units":{"type":"GeometryCollection","geometries":[{"arcs":[[0]],"type":"Polygon","properties":{"name":"Curaçao","fips":""}}]}}}