{"type":"Topology","arcs":[[[60,99],[16,-33],[32,0],[22,13],[10,46],[24,-11],[-15,73],[20,-3],[64,-34],[61,13],[46,-3],[32,-33],[3,-46],[-23,-28],[-32,-7],[-39,16],[-72,-20],[-37,-42],[-86,13],[-64,2],[10,62],[3,57],[-4,24],[-31,33],[10,37],[37,-2],[-4,-24],[21,-66],[-4,-37]],[[1651,806],[-46,-28],[-84,-66],[-40,9],[16,33],[42,44],[61,6],[31,18],[20,-16]],[[1775,780],[-45,-20],[25,46],[79,51],[38,35],[26,11],[22,-39],[-53,-44],[-92,-40]]],"transform":{"scale":[0.0008802083333333321,0.0005448504983388596],"translate":[-81.417,19.266000000000005]},"objects":{"units":{"type":"GeometryCollection","geometries":[{"arcs":[[[0]],[[1]],[[2]]],"type":"MultiPolygon","properties":{"name":"Cayman Islands","fips":""}}]}}}