{"type":"Topology","arcs":[[[250,565],[-7,-62],[-47,-57]],[[196,446],[-24,46],[-34,22],[-19,-7],[-25,29]],[[94,536],[-2,17]],[[92,553],[-11,55],[-1,82],[-24,31],[-10,70]],[[46,791],[26,-9],[32,-57],[14,-16],[32,18],[56,-35],[9,-40],[35,-87]],[[267,240],[-47,-14],[-14,-15]],[[206,211],[0,28],[-23,25]],[[183,264],[1,77],[-9,32]],[[175,373],[21,73]],[[250,565],[13,-68],[2,-67],[-8,-52],[16,-13],[-8,-66],[2,-59]],[[206,211],[-10,-46],[-30,-33],[-16,-37]],[[150,95],[-18,11]],[[132,106],[-6,41],[-15,26],[-3,33]],[[108,206],[75,58]],[[92,553],[-62,53],[-24,-4]],[[6,602],[0,40],[25,39],[-31,11],[9,22],[14,79],[23,-2]],[[175,373],[-37,-28],[-29,7],[-26,-7]],[[83,345],[-6,46],[-26,40],[-12,54]],[[39,485],[35,47],[20,4]],[[150,95],[1,-18]],[[151,77],[-19,-15]],[[132,62],[0,44]],[[163,18],[-20,-18],[-14,20],[3,42]],[[151,77],[12,-59]],[[267,240],[-3,-88],[-31,-73],[-38,-4],[-13,-31],[-19,-26]],[[108,206],[-7,68],[-18,71]],[[39,485],[-20,27],[-3,68],[-10,22]]],"transform":{"scale":[0.0008791208791209125,0.0005447667087011376],"translate":[-61.48900000000001,15.201999999999998]},"objects":{"units":{"type":"GeometryCollection","geometries":[{"arcs":[[0,1,2,3,4]],"type":"Polygon","properties":{"name":"Saint Andrew","fips":"DO02"}},{"arcs":[[5,6,7,8,-1,9]],"type":"Polygon","properties":{"name":"Saint David","fips":"DO03"}},{"arcs":[[10,11,12,13,-7]],"type":"Polygon","properties":{"name":"Saint George","fips":"DO04"}},{"arcs":[[-4,14,15]],"type":"Polygon","properties":{"name":"Saint John","fips":"DO05"}},{"arcs":[[-9,16,17,18,-2]],"type":"Polygon","properties":{"name":"Saint Joseph","fips":"DO06"}},{"arcs":[[19,20,21,-12]],"type":"Polygon","properties":{"name":"Saint Luke","fips":"DO07"}},{"arcs":[[22,-21,23]],"type":"Polygon","properties":{"name":"Saint Mark","fips":"DO08"}},{"arcs":[[-24,-20,-11,-6,24]],"type":"Polygon","properties":{"name":"Saint Patrick","fips":"DO09"}},{"arcs":[[-14,25,-17,-8]],"type":"Polygon","properties":{"name":"Saint Paul","fips":"DO10"}},{"arcs":[[-3,-19,26,-15]],"type":"Polygon","properties":{"name":"Saint Peter","fips":"DO11"}}]}}}