{"type":"Topology","arcs":[[[22871,3120],[85,-13],[30,-37],[2,-35],[23,13],[14,-95],[-8,-22],[-25,2],[-3,-24],[14,-55],[-5,-30],[-25,-25],[-54,-13],[-22,2],[-11,22],[-24,-15],[-16,16],[-23,48],[7,48],[-15,40],[8,26],[-30,4],[-8,27],[6,63],[12,18],[41,9],[3,42],[24,-16]],[[18444,5215],[-9,-11],[-19,37],[-47,31],[14,55],[19,19],[27,3],[22,-33],[3,-53],[-10,-48]],[[17733,35],[-7,16],[33,35],[8,-22],[-34,-29]],[[15414,3885],[16,-33],[-6,-61],[-25,13],[-18,-13],[-18,32],[29,11],[1,31],[-23,-6],[-10,21],[38,14],[16,-9]],[[15680,4026],[54,-9],[-12,-22],[-40,-37],[-18,-3],[1,40],[15,31]],[[13186,6078],[-11,11],[13,51],[15,-16],[-17,-46]],[[136,7843],[34,-12],[-28,-55],[-28,-4],[-8,38],[-27,-25],[-61,-160],[-18,20],[10,63],[18,57],[28,36],[14,83],[17,14],[16,-23],[11,27],[23,24],[8,-24],[-11,-31],[2,-28]],[[28369,75],[-27,-69],[-15,-6],[-43,18],[-59,13],[-5,31],[14,32],[53,75],[23,24],[23,9],[17,-20],[0,-52],[20,-18],[-1,-37]]],"transform":{"scale":[0.0008805075784279154,0.0005449154680797379],"translate":[138.06400000000002,5.269999999999996]},"objects":{"units":{"type":"GeometryCollection","geometries":[{"arcs":[[[0]],[[1]]],"type":"MultiPolygon","properties":{"name":"Pohnpei","fips":"FM02"}},{"arcs":[[[2]],[[3]],[[4]],[[5]]],"type":"MultiPolygon","properties":{"name":"Chuuk","fips":"FM03"}},{"arcs":[[6]],"type":"Polygon","properties":{"name":"Yap","fips":"FM04"}},{"arcs":[[7]],"type":"Polygon","properties":{"name":"Kosrae","fips":"FM01"}}]}}}