{"type":"Topology","arcs":[[[418,904],[-6,-74],[-20,9],[-57,-36],[15,51],[18,15],[27,75],[17,24],[6,-64]],[[214,320],[-4,-79],[-16,-54],[7,-46],[-12,-20]],[[189,121],[-38,39],[-22,-9]],[[129,151],[-10,47]],[[119,198],[-2,21],[28,68]],[[145,287],[8,36]],[[153,323],[61,-3]],[[189,121],[-8,-46],[-48,-40],[-10,5]],[[123,40],[-15,30],[7,71],[14,10]],[[123,40],[-14,-40],[-40,24],[-30,-24],[-39,9],[40,41],[11,38],[-11,68],[5,41]],[[45,197],[74,1]],[[45,197],[24,71],[0,33],[17,31]],[[86,332],[43,-25],[16,-20]],[[86,332],[38,72]],[[124,404],[26,-42],[3,-39]],[[124,404],[12,24],[49,2],[17,-42],[12,-68]]],"transform":{"scale":[0.0008803827751196053,0.0005444214876033068],"translate":[-61.79099999999999,12.003]},"objects":{"units":{"type":"GeometryCollection","geometries":[{"arcs":[[0]],"type":"Polygon","properties":{"name":"Carriacou and Petite Martinique","fips":""}},{"arcs":[[1,2,3,4,5,6]],"type":"Polygon","properties":{"name":"Saint Andrew","fips":"GJ01"}},{"arcs":[[7,8,-3]],"type":"Polygon","properties":{"name":"Saint David","fips":"GJ02"}},{"arcs":[[-9,9,10,-4]],"type":"Polygon","properties":{"name":"Saint George","fips":"GJ03"}},{"arcs":[[-5,-11,11,12]],"type":"Polygon","properties":{"name":"Saint John","fips":"GJ04"}},{"arcs":[[-6,-13,13,14]],"type":"Polygon","properties":{"name":"Saint Mark","fips":"GJ05"}},{"arcs":[[-7,-15,15]],"type":"Polygon","properties":{"name":"Saint Patrick","fips":"GJ06"}}]}}}