{"type":"Topology","arcs":[[[207,374],[-28,-47],[-16,-76],[-11,-170],[-27,-68],[-20,-13],[-42,9],[-31,74],[-8,69],[-24,37],[19,39],[4,69],[-13,37],[22,27],[69,63],[16,24],[62,57],[32,68],[23,122],[8,22],[32,37],[16,2],[18,-66],[20,-24],[43,-11],[0,-22],[-16,-48],[-35,-80],[-40,-59],[-73,-72]]],"transform":{"scale":[0.000878706199460822,0.0005449735449735343],"translate":[144.62600000000003,13.242000000000004]},"objects":{"units":{"type":"GeometryCollection","geometries":[{"arcs":[[0]],"type":"Polygon","properties":{"name":"Guam","fips":""}}]}}}