{"type":"Topology","arcs":[[[374,187],[-5,-38]],[[369,149],[-13,-2],[-26,26],[-16,1]],[[314,174],[29,32],[31,-19]],[[400,151],[-31,-2]],[[374,187],[15,0]],[[389,187],[11,-36]],[[471,132],[-23,15],[-48,4]],[[389,187],[20,24],[44,-26],[18,-53]],[[471,132],[-7,-13],[12,-69],[-26,12],[-3,43],[-26,-41],[-28,39],[-61,29],[-18,42]],[[386,209],[-19,57]],[[367,266],[17,2]],[[384,268],[2,-59]],[[418,290],[8,-44]],[[426,246],[-19,13],[-21,-50]],[[384,268],[-6,40]],[[378,308],[19,6]],[[397,314],[21,-24]],[[367,266],[-16,19]],[[351,285],[15,18]],[[366,303],[12,5]],[[451,286],[-33,4]],[[397,314],[42,15]],[[439,329],[12,-43]],[[451,286],[9,-23],[-7,-35],[8,-28]],[[461,200],[-35,46]],[[439,329],[32,71]],[[471,400],[35,9],[41,35],[36,-29],[16,16],[3,63]],[[602,494],[38,-18],[1,-43],[-22,11],[-8,-33],[13,-57],[-11,-31],[-28,-26],[-21,39],[1,28],[-39,12],[-25,17],[-10,-24],[12,-42],[-15,-17],[8,-46],[20,-7],[24,-37],[-16,-20],[6,-44],[-29,15],[-13,84],[-27,-55]],[[471,466],[0,-66]],[[366,303],[-9,46]],[[357,349],[25,53],[-2,40]],[[380,442],[38,13]],[[418,455],[12,-29],[41,40]],[[305,274],[-19,-8],[-4,68],[20,-11],[3,-49]],[[351,285],[-25,18],[-13,29]],[[313,332],[44,17]],[[219,255],[-38,0]],[[181,255],[54,55],[13,-18],[-29,-37]],[[313,332],[-38,15],[-66,-29]],[[209,318],[17,58]],[[226,376],[41,24],[74,31]],[[341,431],[39,11]],[[209,318],[-43,31],[-14,37],[-29,-46],[-35,25],[4,22],[-24,39],[14,18],[36,15]],[[118,459],[54,-42],[53,0],[1,-41]],[[344,534],[-16,-29],[13,-74]],[[118,459],[15,40],[27,19],[24,55],[36,-13],[0,26],[31,16],[31,33]],[[282,635],[7,-5],[12,-92],[43,-4]],[[447,696],[28,-9],[17,-46],[33,-46],[39,20]],[[564,615],[-41,-39],[-17,6],[-51,-6],[-25,17],[-86,-59]],[[282,635],[-4,11],[54,17],[23,0],[14,42],[24,-9],[54,0]],[[471,466],[43,-9],[-15,33],[54,66],[16,-62],[33,0]],[[564,615],[-32,-53],[-29,-19],[-29,-38],[-26,33],[-25,-7],[-48,-33],[43,-43]],[[318,83],[32,-79],[-39,-4],[7,83]],[[219,255],[-19,-9],[7,-84],[-31,-45],[26,-25],[-37,-35],[-1,53],[-40,0],[-21,-24],[0,-24],[-25,-12],[-25,29],[-28,-35],[-23,7],[-2,44],[14,10],[2,42],[29,27],[19,39],[31,-2],[8,-13],[39,30],[17,-6],[22,33]]],"transform":{"scale":[0.0008798751950078338,0.0005446808510638303],"translate":[113.83699999999999,22.177000000000007]},"objects":{"units":{"type":"GeometryCollection","geometries":[{"arcs":[[0,1,2]],"type":"Polygon","properties":{"name":"Central and Western","fips":""}},{"arcs":[[3,-1,4,5]],"type":"Polygon","properties":{"name":"Wan Chai","fips":""}},{"arcs":[[6,-6,7]],"type":"Polygon","properties":{"name":"Eastern","fips":""}},{"arcs":[[-4,-7,8,-2]],"type":"Polygon","properties":{"name":"Southern","fips":""}},{"arcs":[[9,10,11]],"type":"Polygon","properties":{"name":"Yau Tsim Mong","fips":""}},{"arcs":[[12,13,-12,14,15,16]],"type":"Polygon","properties":{"name":"Kowloon City","fips":""}},{"arcs":[[-11,17,18,19,-15]],"type":"Polygon","properties":{"name":"Sham Shui Po","fips":""}},{"arcs":[[20,-17,21,22]],"type":"Polygon","properties":{"name":"Wong Tai Sin","fips":""}},{"arcs":[[23,24,-13,-21]],"type":"Polygon","properties":{"name":"Kwun Tong","fips":""}},{"arcs":[[-24,-23,25,26,27]],"type":"Polygon","properties":{"name":"Sai Kung","fips":""}},{"arcs":[[28,-26,-22,-16,-20,29,30,31,32]],"type":"Polygon","properties":{"name":"Sha Tin","fips":""}},{"arcs":[[[33]],[[-19,34,35,-30]]],"type":"MultiPolygon","properties":{"name":"Kwai Tsing","fips":""}},{"arcs":[[[36,37]],[[-36,38,39,40,41,-31]]],"type":"MultiPolygon","properties":{"name":"Tsuen Wan","fips":""}},{"arcs":[[-40,42,43]],"type":"Polygon","properties":{"name":"Tuen Mun","fips":""}},{"arcs":[[44,-41,-44,45,46]],"type":"Polygon","properties":{"name":"Yuen Long","fips":""}},{"arcs":[[47,48,-47,49]],"type":"Polygon","properties":{"name":"North","fips":""}},{"arcs":[[[-27,-29,50]],[[-32,-42,-45,-49,51]]],"type":"MultiPolygon","properties":{"name":"Tai Po","fips":""}},{"arcs":[[[52]],[[53,-37]]],"type":"MultiPolygon","properties":{"name":"Islands","fips":""}}]}}}