{"type":"Topology","arcs":[[[142,338],[59,0],[39,-35],[46,35],[23,-11],[64,-4],[78,-50],[26,-44],[49,-60],[72,-33],[-114,-52],[-59,-60],[-33,-15],[-84,-9],[-39,7],[-37,30],[-41,62],[-58,160],[13,27],[-40,22],[-66,6],[-33,37],[-7,36],[38,13],[31,24],[73,-86]]],"transform":{"scale":[0.0008795986622073278,0.0005448113207547208],"translate":[73.23600000000002,-53.193]},"objects":{"units":{"type":"GeometryCollection","geometries":[{"arcs":[[0]],"type":"Polygon","properties":{"name":"eard Island and McDonald Islands","fips":""}}]}}}