{"type":"Topology","arcs":[[[205,59],[-34,-39],[-40,-11],[-39,33],[-41,-5],[-45,-37],[-6,70],[39,51],[10,88],[20,88],[53,24],[75,79],[49,114],[27,50],[41,36],[60,33],[84,28],[20,-9],[-31,-96],[16,-69],[44,-26],[15,-42],[-41,-50],[-20,-46],[-38,-24],[9,-49],[-25,-28],[-70,-49],[0,-22],[-62,-41],[-24,-33],[-46,-18]]],"transform":{"scale":[0.0008793103448275924,0.0005446293494705199],"translate":[-4.770999999999987,54.059]},"objects":{"units":{"type":"GeometryCollection","geometries":[{"arcs":[[0]],"type":"Polygon","properties":{"name":"Isle of Man","fips":""}}]}}}