{"type":"Topology","arcs":[[[1322,887],[33,-125],[3,-33],[-8,-74],[23,-68],[6,-99],[21,-44],[8,-110]],[[1408,334],[-8,-7],[-22,-74],[9,-51],[-32,-24],[-5,-31],[-23,-6],[9,-33],[21,-7],[45,13],[11,-68],[-3,-33],[-28,-13],[-45,9],[-21,17],[-98,136],[-21,38],[-84,75]],[[1113,275],[32,21],[9,62],[-22,40],[-6,65],[4,25],[-124,389],[-2,28]],[[1004,905],[26,-13],[40,-5],[23,20],[38,13],[89,-31],[102,-2]],[[426,1366],[-8,-64],[24,-39],[28,-94],[31,-36],[15,-44]],[[516,1089],[-96,9],[-25,7],[-62,55],[-21,8],[-140,-2],[-7,-2],[-43,-79],[-18,-7],[-71,14]],[[33,1092],[0,70],[16,57],[28,15],[22,35],[18,-10],[12,52],[35,49],[40,20],[30,-33],[17,32],[17,0],[48,-21],[72,15],[38,-7]],[[1113,275],[-52,22],[-46,-38],[-23,-4],[-72,28]],[[920,283],[-2,9],[-78,494],[-5,165]],[[835,951],[49,29],[69,-20],[51,-55]],[[920,283],[-26,7],[-155,-13],[-71,57],[-15,26],[-18,73],[-27,20],[1,85],[-8,38],[-29,17],[-78,2],[-18,9],[-10,35]],[[466,639],[30,123],[3,62],[19,53],[26,28]],[[544,905],[131,70]],[[675,975],[160,-24]],[[726,1476],[-51,-501]],[[544,905],[11,64],[-9,46],[-18,33],[-12,41]],[[426,1366],[22,-11],[23,16],[1,26],[33,70],[32,31],[46,11],[52,-4],[91,-29]],[[1034,1419],[-3,-55],[13,-51],[-2,-37],[7,-41],[-45,-330]],[[726,1476],[80,-28],[112,-3],[49,-19],[67,-7]],[[466,639],[-26,81],[-38,33],[-11,66],[-22,66],[-28,24],[-84,-2],[-70,13],[-19,-22],[-39,22],[-90,33],[-33,47],[-6,34],[33,58]],[[1872,461],[-23,16],[-58,0],[-16,17]],[[1775,494],[6,24],[29,18],[30,4],[27,-17],[10,-33],[-5,-29]],[[2406,538],[-45,-17],[-56,15],[-25,37],[-71,24],[-25,23],[-54,-12],[-14,-17],[-27,2],[-54,26],[-51,62]],[[1984,681],[-51,31],[-40,-24],[-31,24],[-17,88]],[[1845,800],[53,230],[3,5]],[[1901,1035],[23,-16],[22,-33],[36,-26],[37,4],[48,-44],[85,0],[20,-41],[84,-24],[43,-23],[6,-39],[31,-48],[25,-55],[45,-152]],[[1482,1303],[14,-97],[13,-29],[-3,-41],[22,-49],[9,-48],[29,-50]],[[1566,989],[-68,-58],[-24,-15],[-152,-29]],[[1034,1419],[40,-13],[24,-22],[36,15],[59,0],[59,-11],[42,-15],[14,-40],[15,14],[51,-14],[32,-37],[36,-2],[40,9]],[[1706,817],[-2,-48],[10,-59],[-18,-51],[-9,-62],[17,-33],[17,5],[11,-38]],[[1732,531],[-9,-39],[-18,-39],[-15,4],[-29,-167],[-15,-33],[-33,-18],[-32,25],[-62,0],[23,26],[-27,48],[-26,22],[-33,5],[-48,-31]],[[1566,989],[46,6],[32,-62],[7,-44],[29,-56],[26,-16]],[[1845,800],[-64,46],[-51,-2],[-24,-27]],[[1482,1303],[21,6],[51,-26],[67,4],[32,15],[28,-6],[8,-15],[-3,-46],[12,-16],[76,-72],[17,-66],[17,-25],[21,-10],[72,-11]],[[1984,681],[-10,-15],[-3,-55],[13,-64],[14,-35],[-25,-13],[-8,-53],[-14,-29]],[[1951,417],[-58,29],[-81,-20],[-59,4],[0,11],[119,20]],[[1775,494],[-43,37]],[[2406,538],[26,-77],[52,-72],[-11,-15],[-59,-22],[-41,-34],[-24,-11],[-26,34],[-18,-42],[-20,-9],[-59,31],[-34,-20],[-90,-13],[-101,26],[-11,57],[-39,46]]],"transform":{"scale":[0.0008804347826086947,0.000544731610337974],"translate":[-78.375,17.703000000000003]},"objects":{"units":{"type":"GeometryCollection","geometries":[{"arcs":[[0,1,2,3]],"type":"Polygon","properties":{"name":"Clarendon","fips":"JM01"}},{"arcs":[[4,5,6]],"type":"Polygon","properties":{"name":"Hanover","fips":"JM02"}},{"arcs":[[-3,7,8,9]],"type":"Polygon","properties":{"name":"Manchester","fips":"JM04"}},{"arcs":[[-9,10,11,12,13]],"type":"Polygon","properties":{"name":"Saint Elizabeth","fips":"JM11"}},{"arcs":[[14,-13,15,-5,16]],"type":"Polygon","properties":{"name":"Saint James","fips":"JM12"}},{"arcs":[[17,-10,-14,-15,18]],"type":"Polygon","properties":{"name":"Trelawny","fips":"JM15"}},{"arcs":[[-16,-12,19,-6]],"type":"Polygon","properties":{"name":"Westmoreland","fips":"JM16"}},{"arcs":[[20,21]],"type":"Polygon","properties":{"name":"Kingston","fips":"JM17"}},{"arcs":[[22,23,24,25]],"type":"Polygon","properties":{"name":"Portland","fips":"JM07"}},{"arcs":[[26,27,-4,-18,28]],"type":"Polygon","properties":{"name":"Saint Ann","fips":"JM09"}},{"arcs":[[29,30,-1,-28,31]],"type":"Polygon","properties":{"name":"Saint Catherine","fips":"JM10"}},{"arcs":[[-25,32,-32,-27,33]],"type":"Polygon","properties":{"name":"Saint Mary","fips":"JM13"}},{"arcs":[[-24,34,35,-22,36,-30,-33]],"type":"Polygon","properties":{"name":"Saint Andrew","fips":"JM08"}},{"arcs":[[37,-35,-23]],"type":"Polygon","properties":{"name":"Saint Thomas","fips":"JM14"}}]}}}