{"type":"Topology","arcs":[[[148,485],[-17,-38],[1,-24]],[[132,423],[-10,0]],[[122,423],[-29,9],[-10,26]],[[83,458],[21,68]],[[104,526],[44,-41]],[[60,489],[-27,-68]],[[33,421],[-33,59],[5,33]],[[5,513],[55,-24]],[[204,364],[16,-46],[34,-29],[14,-30],[0,-31],[-25,-15],[-15,15],[-11,70],[-38,48],[-23,5]],[[156,351],[-12,50]],[[144,401],[60,-37]],[[368,68],[-12,-61],[-21,-7]],[[335,0],[-15,81]],[[320,81],[20,9],[28,-22]],[[320,81],[-18,59],[-20,22]],[[282,162],[16,25],[44,-11],[16,-23],[10,-85]],[[83,458],[-23,31]],[[60,489],[-11,24],[-5,55]],[[44,568],[3,11],[57,-53]],[[335,0],[-52,6],[-12,44]],[[271,50],[35,9],[14,22]],[[178,443],[-31,-6],[-7,-16]],[[140,421],[-8,2]],[[148,485],[30,-42]],[[5,513],[4,27],[35,28]],[[271,50],[-4,24]],[[267,74],[33,-6],[20,13]],[[144,401],[-4,20]],[[178,443],[26,-79]],[[267,74],[8,77],[7,11]],[[122,423],[-21,-61]],[[101,362],[-68,59]],[[156,351],[-23,-2],[-32,13]]],"transform":{"scale":[0.000880434782608729,0.0005440414507771982],"translate":[-62.861,17.101]},"objects":{"units":{"type":"GeometryCollection","geometries":[{"arcs":[[0,1,2,3,4]],"type":"Polygon","properties":{"name":"Christ Church Nichola Town","fips":"SC01"}},{"arcs":[[5,6,7]],"type":"Polygon","properties":{"name":"Saint Anne Sandy Point","fips":"SC02"}},{"arcs":[[8,9,10]],"type":"Polygon","properties":{"name":"Saint George Basseterre","fips":"SC03"}},{"arcs":[[11,12,13]],"type":"Polygon","properties":{"name":"Saint George Gingerland","fips":"SC04"}},{"arcs":[[-14,14,15]],"type":"Polygon","properties":{"name":"Saint James Windward","fips":"SC05"}},{"arcs":[[-4,16,17,18]],"type":"Polygon","properties":{"name":"Saint John Capesterre","fips":"SC06"}},{"arcs":[[19,20,-13]],"type":"Polygon","properties":{"name":"Saint John Figtree","fips":"SC07"}},{"arcs":[[21,22,-1,23]],"type":"Polygon","properties":{"name":"Saint Mary Cayon","fips":"SC08"}},{"arcs":[[-8,24,-18]],"type":"Polygon","properties":{"name":"Saint Paul Capesterre","fips":"SC09"}},{"arcs":[[25,26,-21]],"type":"Polygon","properties":{"name":"Saint Paul Charlestown","fips":"SC10"}},{"arcs":[[-11,27,-22,28]],"type":"Polygon","properties":{"name":"Saint Peter Basseterre","fips":"SC11"}},{"arcs":[[-27,29,-15]],"type":"Polygon","properties":{"name":"Saint Thomas Lowland","fips":"SC12"}},{"arcs":[[-3,30,31,-6,-17]],"type":"Polygon","properties":{"name":"Saint Thomas Middle Island","fips":"SC13"}},{"arcs":[[-28,-10,32,-31,-2,-23]],"type":"Polygon","properties":{"name":"Trinity Palmetto Point","fips":"SC14"}}]}}}