{"type":"Topology","arcs":[[[110,327],[-11,-50],[-23,9],[-15,43],[-19,20],[-29,7]],[[13,356],[9,41],[26,62],[10,40]],[[58,499],[40,-16],[9,-24],[3,-132]],[[162,556],[-6,-71]],[[156,485],[-18,-94],[-5,-51]],[[133,340],[0,-39]],[[133,301],[-23,26]],[[58,499],[29,67],[25,38]],[[112,604],[25,-40],[25,-8]],[[110,213],[-5,-6],[-38,-132]],[[67,75],[-33,20],[-23,46]],[[11,141],[21,26],[77,55]],[[109,222],[1,-9]],[[222,488],[-22,4],[-44,-7]],[[162,556],[9,65],[31,36]],[[202,657],[12,-38],[8,-131]],[[222,488],[0,-49],[-8,-85]],[[214,354],[-36,-18],[-20,11],[-25,-7]],[[112,604],[4,31],[32,76],[17,18],[22,-11],[-6,-33],[21,-28]],[[126,29],[-6,15],[-53,31]],[[110,213],[20,-101],[2,-62],[-6,-21]],[[212,217],[-17,-103],[-13,-6]],[[182,108],[-65,120]],[[117,228],[13,11]],[[130,239],[56,-22],[26,0]],[[130,239],[3,62]],[[214,354],[-6,-57],[4,-80]],[[117,228],[-8,-6]],[[11,141],[-11,26],[8,29],[0,56],[-8,33],[13,71]],[[182,108],[-16,-25],[-10,-70],[-16,-13],[-14,29]]],"transform":{"scale":[0.0008783783783784116,0.0005445816186557004],"translate":[-61.077999999999996,13.715000000000003]},"objects":{"units":{"type":"GeometryCollection","geometries":[{"arcs":[[0,1,2]],"type":"Polygon","properties":{"name":"Anse-la-Raye","fips":"SF01"}},{"arcs":[[3,4,5,6,-3,7,8]],"type":"Polygon","properties":{"name":"Castries","fips":"ST03"}},{"arcs":[[9,10,11,12]],"type":"Polygon","properties":{"name":"Choiseul","fips":"ST04"}},{"arcs":[[13,-4,14,15]],"type":"Polygon","properties":{"name":"Dauphin","fips":""}},{"arcs":[[16,17,-5,-14]],"type":"Polygon","properties":{"name":"Dennery","fips":"ST05"}},{"arcs":[[-15,-9,18]],"type":"Polygon","properties":{"name":"Gros Islet","fips":"ST06"}},{"arcs":[[19,-10,20]],"type":"Polygon","properties":{"name":"Laborie","fips":"ST07"}},{"arcs":[[21,22,23,24]],"type":"Polygon","properties":{"name":"Micoud","fips":"ST08"}},{"arcs":[[-25,25,-6,-18,26]],"type":"Polygon","properties":{"name":"Praslin","fips":""}},{"arcs":[[-7,-26,-24,27,-12,28,-1]],"type":"Polygon","properties":{"name":"Soufrière","fips":"ST09"}},{"arcs":[[29,-21,-13,-28,-23]],"type":"Polygon","properties":{"name":"Vieux Fort","fips":"ST10"}}]}}}