{"type":"Topology","arcs":[[[147,40],[-8,24]],[[139,64],[-7,37]],[[132,101],[25,0]],[[157,101],[-10,-61]],[[105,59],[-8,2],[-28,25],[-11,52]],[[58,138],[24,55]],[[82,193],[17,-24]],[[99,169],[15,-74]],[[114,95],[-9,-36]],[[105,59],[17,-2]],[[122,57],[5,-44]],[[127,13],[-8,-11],[-54,-2]],[[65,0],[-13,57],[-21,15]],[[31,72],[10,62]],[[41,134],[17,4]],[[65,0],[-64,15],[-1,16],[31,41]],[[152,121],[-53,48]],[[99,169],[5,24]],[[104,193],[17,-11],[31,-61]],[[139,64],[-17,-7]],[[114,95],[18,6]],[[41,134],[-18,50]],[[23,184],[33,16],[26,-7]],[[147,40],[-20,-27]],[[152,121],[5,-20]],[[63,255],[23,-35]],[[86,220],[0,-16]],[[86,204],[-4,-11]],[[23,184],[-13,36],[1,39]],[[11,259],[52,-4]],[[42,310],[-4,-36],[25,-19]],[[11,259],[13,59]],[[24,318],[18,-8]],[[66,358],[-16,-48]],[[50,310],[-8,0]],[[24,318],[27,62],[15,-22]],[[76,329],[-26,-19]],[[66,358],[10,-29]],[[89,286],[-39,24]],[[76,329],[13,-43]],[[86,204],[18,-11]],[[98,248],[-12,-28]],[[63,255],[35,-7]],[[89,286],[9,-38]]],"transform":{"scale":[0.0008789808917197785,0.0005447368421052464],"translate":[9.475999999999999,47.05600000000001]},"objects":{"units":{"type":"GeometryCollection","geometries":[{"arcs":[[[0,1,2,3]],[[4,5,6,7,8]]],"type":"MultiPolygon","properties":{"name":"Triesenberg","fips":"LS10"}},{"arcs":[[-5,9,10,11,12,13,14]],"type":"Polygon","properties":{"name":"Triesen","fips":"LS09"}},{"arcs":[[[15,-13]],[[16,17,18]]],"type":"MultiPolygon","properties":{"name":"Balzers","fips":"LS01"}},{"arcs":[[[19,-10,-9,20,-2]],[[-6,-15,21,22]]],"type":"MultiPolygon","properties":{"name":"Vaduz","fips":"LS11"}},{"arcs":[[[23,-11,-20,-1]],[[24,-3,-21,-8,-17]],[[25,26,27,-23,28,29]]],"type":"MultiPolygon","properties":{"name":"Schaan","fips":"LS07"}},{"arcs":[[30,-30,31,32]],"type":"Polygon","properties":{"name":"Gamprin","fips":"LS03"}},{"arcs":[[33,34,-33,35]],"type":"Polygon","properties":{"name":"Ruggell","fips":"LS06"}},{"arcs":[[36,-34,37]],"type":"Polygon","properties":{"name":"Schellenberg","fips":"LS08"}},{"arcs":[[38,-37,39]],"type":"Polygon","properties":{"name":"Mauren","fips":"LS04"}},{"arcs":[[[-18,-7,-28,40]],[[41,-26,42]]],"type":"MultiPolygon","properties":{"name":"Planken","fips":"LS05"}},{"arcs":[[43,-43,-31,-35,-39]],"type":"Polygon","properties":{"name":"Eschen","fips":"LS02"}}]}}}