{"type":"Topology","arcs":[[[134,92],[-12,-53],[-31,-39],[-27,4],[-64,38],[1,10],[91,-8],[11,9],[13,74],[23,11],[-5,-46]]],"transform":{"scale":[0.0008776978417265157,0.0005434782608695858],"translate":[73.43100000000001,4.162000000000006]},"objects":{"units":{"type":"GeometryCollection","geometries":[{"type":null,"properties":{"name":"Haa Alifu","fips":""}},{"type":null,"properties":{"name":"Haa Dhaalu","fips":""}},{"type":null,"properties":{"name":"Shaviyani","fips":""}},{"type":null,"properties":{"name":"Raa","fips":""}},{"type":null,"properties":{"name":"Noonu","fips":""}},{"type":null,"properties":{"name":"Baa","fips":""}},{"type":null,"properties":{"name":"Lhaviyani","fips":""}},{"type":null,"properties":{"name":"Kaafu","fips":""}},{"type":null,"properties":{"name":"Alifu Alifu","fips":""}},{"type":null,"properties":{"name":"Alifu Dhaalu","fips":""}},{"type":null,"properties":{"name":"Faafu","fips":""}},{"arcs":[[0]],"type":"Polygon","properties":{"name":"Malé","fips":""}},{"type":null,"properties":{"name":"Vaavu","fips":""}},{"type":null,"properties":{"name":"Meemu","fips":""}},{"type":null,"properties":{"name":"Dhaalu","fips":""}},{"type":null,"properties":{"name":"Thaa","fips":""}},{"type":null,"properties":{"name":"Laamu","fips":""}},{"type":null,"properties":{"name":"Gaafu Alifu","fips":""}},{"type":null,"properties":{"name":"Gaafu Dhaalu","fips":""}},{"type":null,"properties":{"name":"Gnaviyani","fips":""}},{"type":null,"properties":{"name":"Addu","fips":""}}]}}}