{"type":"Topology","arcs":[[[3179,0],[-6,20],[11,55],[6,86],[13,48],[50,61],[24,2],[-64,-70],[-14,-72],[-5,-55],[-15,-75]],[[2160,2716],[105,-2],[-17,-29],[-26,1],[-62,30]],[[1973,2916],[-21,22],[-1,37],[10,25],[12,-84]],[[66,9773],[-22,-18],[-25,0],[-19,25],[41,6],[25,-13]],[[5409,2195],[14,-10],[74,6],[15,-6],[51,-64],[-5,-16],[-46,57],[-33,11],[-52,-13],[-18,35]],[[4794,2411],[192,-123],[42,9],[25,13],[124,41],[-31,-30],[-84,-18],[-34,-29],[-69,7],[-160,115],[-29,37],[17,11],[7,-33]]],"transform":{"scale":[0.0008804601833542993,0.0005449621908849375],"translate":[166.836,5.829000000000009]},"objects":{"units":{"type":"GeometryCollection","geometries":[{"arcs":[[[0]],[[1]],[[2]],[[3]]],"type":"MultiPolygon","properties":{"name":"Railik Chain","fips":""}},{"arcs":[[[4]],[[5]]],"type":"MultiPolygon","properties":{"name":"Ratak Chain","fips":""}}]}}}