{"type":"Topology","arcs":[[[285,173],[13,0]],[[298,173],[13,-11]],[[311,162],[-3,-11]],[[308,151],[-48,-8]],[[260,143],[-2,10]],[[258,153],[1,12]],[[259,165],[1,13]],[[260,178],[25,-5]],[[260,143],[-12,6]],[[248,149],[10,4]],[[248,149],[11,16]],[[260,143],[4,-27]],[[264,116],[-20,-8]],[[244,108],[-38,8]],[[206,116],[-25,31],[0,35]],[[181,182],[69,9]],[[250,191],[10,-13]],[[249,197],[1,-6]],[[181,182],[-3,48]],[[178,230],[38,18]],[[216,248],[33,-51]],[[252,307],[-7,-24],[-29,-35]],[[178,230],[-9,68],[18,18],[65,-9]],[[289,298],[-20,-46],[6,-33]],[[275,219],[-26,-22]],[[252,307],[37,-9]],[[275,219],[10,-26]],[[285,193],[0,-20]],[[319,268],[-2,-33]],[[317,235],[-9,0]],[[308,235],[-5,-29]],[[303,206],[-4,-17]],[[299,189],[-14,4]],[[289,298],[30,-30]],[[299,189],[2,-5]],[[301,184],[-3,-11]],[[308,180],[3,-18]],[[301,184],[7,-4]],[[316,199],[1,-15]],[[317,184],[-9,-4]],[[303,206],[13,-7]],[[318,204],[-2,-5]],[[308,235],[10,-31]],[[341,219],[-2,-15]],[[339,204],[-21,0]],[[317,235],[24,-16]],[[360,237],[-19,-18]],[[319,268],[41,-31]],[[370,228],[-19,-33]],[[351,195],[-4,-4]],[[347,191],[-8,13]],[[360,237],[10,-9]],[[375,184],[-8,-4]],[[367,180],[-16,15]],[[370,228],[5,-44]],[[347,191],[-4,-9]],[[343,182],[-16,-2]],[[327,180],[-10,4]],[[367,180],[-6,-7]],[[361,173],[-14,3]],[[347,176],[-4,6]],[[327,180],[2,-13]],[[329,167],[-4,-14]],[[325,153],[-14,9]],[[347,176],[0,-9]],[[347,167],[-3,-11]],[[344,156],[-15,11]],[[361,173],[-4,-4]],[[357,169],[-10,-2]],[[354,160],[-10,-4]],[[357,169],[-3,-9]],[[344,156],[-9,-7]],[[335,149],[-10,4]],[[356,153],[-15,-15]],[[341,138],[-6,11]],[[354,160],[2,-7]],[[341,138],[-5,-7]],[[336,131],[-11,-23]],[[325,108],[-8,6]],[[317,114],[-9,37]],[[317,114],[-32,-9],[-21,11]],[[244,108],[-11,-36]],[[233,72],[-27,44]],[[325,108],[-15,-23]],[[310,85],[-7,-15]],[[303,70],[-25,-30]],[[278,40],[-45,32]],[[387,178],[-6,-7]],[[381,171],[-5,-6]],[[376,165],[-4,-3]],[[372,162],[-11,11]],[[375,184],[12,-6]],[[414,164],[-10,-13]],[[404,151],[-12,-2]],[[392,149],[-11,22]],[[387,178],[27,-14]],[[392,149],[-9,9]],[[383,158],[-7,7]],[[423,143],[-19,8]],[[414,164],[9,-21]],[[383,158],[-8,-13]],[[375,145],[-7,9]],[[368,154],[4,8]],[[368,154],[-8,-9]],[[360,145],[-4,8]],[[392,149],[-2,-15]],[[390,134],[-15,0]],[[375,134],[0,11]],[[423,143],[5,-11]],[[428,132],[-20,-22]],[[408,110],[-21,9]],[[387,119],[3,15]],[[360,145],[-9,-31]],[[351,114],[-15,17]],[[375,134],[-7,-9]],[[368,125],[-15,-20]],[[353,105],[-2,9]],[[387,119],[-10,-11]],[[377,108],[-9,17]],[[377,108],[-5,-5]],[[372,103],[-2,-4]],[[370,99],[-17,6]],[[408,110],[6,-27]],[[414,83],[-27,-2]],[[387,81],[-15,22]],[[434,75],[-20,8]],[[428,132],[6,-57]],[[434,75],[-30,-24]],[[404,51],[-17,21]],[[387,72],[0,9]],[[353,105],[-1,-13]],[[352,92],[10,-26]],[[362,66],[7,-13]],[[369,53],[-5,-2]],[[364,51],[-16,21]],[[348,72],[-14,11]],[[334,83],[-24,2]],[[370,99],[0,-9]],[[370,90],[-18,2]],[[370,90],[-8,-24]],[[387,72],[-18,-19]],[[404,51],[-13,-51],[-34,15]],[[357,15],[12,38]],[[334,83],[-2,-15]],[[332,68],[-10,0]],[[322,68],[-19,2]],[[348,72],[-7,-11]],[[341,61],[-9,7]],[[364,51],[-23,10]],[[322,68],[-15,-40]],[[307,28],[-29,12]],[[357,15],[-50,13]],[[32,461],[-20,-42]],[[12,419],[-12,66]],[[0,485],[32,-24]],[[40,460],[-8,1]],[[0,485],[33,9]],[[33,494],[7,-34]],[[62,456],[-11,-2]],[[51,454],[-11,6]],[[33,494],[24,6]],[[57,500],[5,-44]],[[100,496],[-24,-46]],[[76,450],[-14,6]],[[57,500],[43,-4]],[[119,483],[-9,-57]],[[110,426],[-29,8]],[[81,434],[-5,16]],[[100,496],[19,-13]],[[155,450],[-27,-29]],[[128,421],[-18,5]],[[119,483],[36,-33]],[[132,412],[-4,9]],[[155,450],[15,-22],[-38,-16]],[[51,454],[8,-18]],[[59,436],[-1,-11]],[[58,425],[-28,-17]],[[30,408],[-18,11]],[[81,434],[-12,-11]],[[69,423],[-10,13]],[[69,423],[-4,-6]],[[65,417],[-7,8]],[[65,417],[-1,-2]],[[64,415],[-8,-18]],[[56,397],[-26,11]],[[100,401],[2,-6]],[[102,395],[-46,2]],[[64,415],[36,-14]],[[110,426],[-10,-25]],[[132,412],[-30,-17]]],"transform":{"scale":[0.0008801843317972466,0.0005440000000000112],"translate":[14.183999999999997,35.801]},"objects":{"units":{"type":"GeometryCollection","geometries":[{"arcs":[[0,1,2,3,4,5,6,7]],"type":"Polygon","properties":{"name":"Attard","fips":""}},{"arcs":[[8,9,-5]],"type":"Polygon","properties":{"name":"Mdina","fips":""}},{"arcs":[[-10,10,-6]],"type":"Polygon","properties":{"name":"Imtarfa","fips":""}},{"arcs":[[-7,-11,-9,11,12,13,14,15,16]],"type":"Polygon","properties":{"name":"Rabat","fips":""}},{"arcs":[[17,-16,18,19,20]],"type":"Polygon","properties":{"name":"Mġarr","fips":""}},{"arcs":[[21,-20,22]],"type":"Polygon","properties":{"name":"Mellieħa","fips":""}},{"arcs":[[23,24,-21,-22,25]],"type":"Polygon","properties":{"name":"St. Paul's Bay","fips":"MT52"}},{"arcs":[[26,27,-8,-17,-18,-25]],"type":"Polygon","properties":{"name":"Mosta","fips":""}},{"arcs":[[28,29,30,31,32,-27,-24,33]],"type":"Polygon","properties":{"name":"Naxxar","fips":""}},{"arcs":[[34,35,-1,-28,-33]],"type":"Polygon","properties":{"name":"Lija","fips":""}},{"arcs":[[36,-2,-36,37]],"type":"Polygon","properties":{"name":"Balzan","fips":""}},{"arcs":[[38,39,-38,-35,-32,40]],"type":"Polygon","properties":{"name":"Iklin","fips":""}},{"arcs":[[41,-41,-31,42]],"type":"Polygon","properties":{"name":"Għargħur","fips":""}},{"arcs":[[43,44,-43,-30,45]],"type":"Polygon","properties":{"name":"Swieqi","fips":""}},{"arcs":[[46,-46,-29,47]],"type":"Polygon","properties":{"name":"Pembroke","fips":""}},{"arcs":[[48,49,50,-44,-47,51]],"type":"Polygon","properties":{"name":"St. Julian's","fips":"MT49"}},{"arcs":[[52,53,-49,54]],"type":"Polygon","properties":{"name":"Sliema","fips":""}},{"arcs":[[-51,55,56,57,-39,-42,-45]],"type":"Polygon","properties":{"name":"San Ġwann","fips":"MT48"}},{"arcs":[[58,59,60,-56,-50,-54]],"type":"Polygon","properties":{"name":"Gżira","fips":""}},{"arcs":[[61,62,63,-37,-40,-58]],"type":"Polygon","properties":{"name":"Birkirkara","fips":""}},{"arcs":[[64,65,66,-62,-57,-61]],"type":"Polygon","properties":{"name":"Msida","fips":""}},{"arcs":[[67,68,-65,-60]],"type":"Polygon","properties":{"name":"Ta' Xbiex","fips":""}},{"arcs":[[69,-66,-69,70]],"type":"Polygon","properties":{"name":"Pietà","fips":""}},{"arcs":[[71,72,-63,-67]],"type":"Polygon","properties":{"name":"Santa Venera","fips":"MT53"}},{"arcs":[[73,74,-72,-70,75]],"type":"Polygon","properties":{"name":"Ħamrun","fips":""}},{"arcs":[[-73,-75,76,77,78,79,-3,-64]],"type":"Polygon","properties":{"name":"Qormi","fips":""}},{"arcs":[[80,-12,-4,-80]],"type":"Polygon","properties":{"name":"Żebbuġ","fips":""}},{"arcs":[[81,82,-14]],"type":"Polygon","properties":{"name":"Dingli","fips":""}},{"arcs":[[-79,83,84,85,86,-82,-13,-81]],"type":"Polygon","properties":{"name":"Siġġiewi","fips":""}},{"arcs":[[87,88,89,90,-59,-53,91]],"type":"Polygon","properties":{"name":"Valletta","fips":""}},{"arcs":[[92,93,94,-88,95]],"type":"Polygon","properties":{"name":"Kalkara","fips":""}},{"arcs":[[96,97,-89,-95]],"type":"Polygon","properties":{"name":"Birgu","fips":""}},{"arcs":[[98,-93,99]],"type":"Polygon","properties":{"name":"Xgħajra","fips":""}},{"arcs":[[100,101,102,-90,-98]],"type":"Polygon","properties":{"name":"Senglea","fips":""}},{"arcs":[[-103,103,104,-76,-71,-68,-91]],"type":"Polygon","properties":{"name":"Floriana","fips":""}},{"arcs":[[105,106,107,-101,-97]],"type":"Polygon","properties":{"name":"Cospicua","fips":""}},{"arcs":[[108,109,110,111,-106,-94,-99]],"type":"Polygon","properties":{"name":"Żabbar","fips":""}},{"arcs":[[112,113,-77,-74,-105]],"type":"Polygon","properties":{"name":"Marsa","fips":""}},{"arcs":[[-108,114,115,116,-113,-104,-102]],"type":"Polygon","properties":{"name":"Paola","fips":""}},{"arcs":[[117,118,-115,-107,-112]],"type":"Polygon","properties":{"name":"Fgura","fips":""}},{"arcs":[[119,120,121,-116,-119]],"type":"Polygon","properties":{"name":"Tarxien","fips":""}},{"arcs":[[122,123,124,-120,-118,-111]],"type":"Polygon","properties":{"name":"Żejtun","fips":""}},{"arcs":[[125,-123,-110,126]],"type":"Polygon","properties":{"name":"Marsaskala","fips":""}},{"arcs":[[-126,127,128,129,-124]],"type":"Polygon","properties":{"name":"Marsaxlokk","fips":""}},{"arcs":[[-117,130,131,132,133,134,135,136,-84,-78,-114]],"type":"Polygon","properties":{"name":"Luqa","fips":""}},{"arcs":[[137,138,-131,-122]],"type":"Polygon","properties":{"name":"Santa Luċija","fips":"MT51"}},{"arcs":[[139,-132,-139]],"type":"Polygon","properties":{"name":"Gudja","fips":""}},{"arcs":[[-130,140,-133,-140,-138,-121,-125]],"type":"Polygon","properties":{"name":"Għaxaq","fips":""}},{"arcs":[[141,142,-141,-129]],"type":"Polygon","properties":{"name":"Birżebbuġa","fips":""}},{"arcs":[[143,144,145,-85,-137]],"type":"Polygon","properties":{"name":"Mqabba","fips":""}},{"arcs":[[146,147,-144,-136]],"type":"Polygon","properties":{"name":"Kirkop","fips":""}},{"arcs":[[148,-147,-135]],"type":"Polygon","properties":{"name":"Safi","fips":""}},{"arcs":[[149,150,-86,-146]],"type":"Polygon","properties":{"name":"Qrendi","fips":""}},{"arcs":[[-149,-134,-143,151,-150,-145,-148]],"type":"Polygon","properties":{"name":"Żurrieq","fips":""}},{"arcs":[[152,153,154]],"type":"Polygon","properties":{"name":"Saint Lawrence","fips":"MT50"}},{"arcs":[[155,-155,156,157]],"type":"Polygon","properties":{"name":"Għarb","fips":""}},{"arcs":[[158,159,-158,160,161]],"type":"Polygon","properties":{"name":"Għasri","fips":""}},{"arcs":[[162,163,-162,164]],"type":"Polygon","properties":{"name":"Żebbuġ","fips":""}},{"arcs":[[165,166,167,-163,168]],"type":"Polygon","properties":{"name":"Xagħra","fips":""}},{"arcs":[[169,170,-166,171]],"type":"Polygon","properties":{"name":"Nadur","fips":""}},{"arcs":[[172,-170,173]],"type":"Polygon","properties":{"name":"Qala","fips":""}},{"arcs":[[-160,174,175,176,177,-153,-156]],"type":"Polygon","properties":{"name":"Kerċem","fips":""}},{"arcs":[[-164,-168,178,179,-175,-159]],"type":"Polygon","properties":{"name":"Victoria","fips":""}},{"arcs":[[180,181,-176,-180]],"type":"Polygon","properties":{"name":"Fontana, Gozo","fips":""}},{"arcs":[[-182,182,183,184,-177]],"type":"Polygon","properties":{"name":"Munxar","fips":""}},{"arcs":[[185,186,-184,187]],"type":"Polygon","properties":{"name":"Sannat","fips":""}},{"arcs":[[188,-188,-183,-181,-179,-167]],"type":"Polygon","properties":{"name":"Xewkija","fips":""}},{"arcs":[[-186,-189,-171,-173,189]],"type":"Polygon","properties":{"name":"Għajnsielem","fips":""}}]}}}