{"type":"Topology","arcs":[[[377,33],[-30,-33],[-44,28],[-52,-6],[6,44],[29,31],[108,66],[32,6],[13,-41],[-11,-36],[-36,-20],[-15,-39]],[[842,1503],[-23,-28],[-23,24],[-9,75],[-20,55],[-2,33],[13,43],[24,49],[25,28],[23,-42],[-7,-78],[24,-62],[-8,-48],[-17,-49]],[[1000,1940],[-22,-24],[-10,11],[-20,-44],[15,-76],[-42,19],[-34,-8],[-2,54],[14,68],[2,64],[36,36],[7,37],[43,26],[31,27],[26,-18],[-35,-55],[-19,-77],[10,-40]],[[900,4094],[-32,-6],[-28,11],[-19,35],[12,29],[18,2],[50,-13],[23,-38],[-24,-20]],[[1023,4738],[-19,-33],[-22,36],[19,10],[22,-13]],[[1093,6356],[-15,-14],[-25,18],[3,53],[32,-13],[5,-44]],[[969,7248],[-16,-15],[-28,2],[-7,42],[31,26],[12,42],[7,88],[16,24],[47,-2],[26,-29],[1,-55],[-39,-44],[-50,-79]],[[896,8472],[-36,-7],[-29,42],[-4,73],[19,41],[44,-4],[22,-50],[1,-58],[-17,-37]],[[578,10186],[-9,-17],[-27,37],[0,20],[32,0],[4,-40]],[[386,10872],[28,0],[-4,-33],[-17,-15],[-23,19],[16,29]],[[24,11769],[-24,4],[2,44],[29,-4],[-7,-44]]],"transform":{"scale":[0.0008801463860933111,0.0005449775746805448],"translate":[144.90500000000003,14.111000000000004]},"objects":{"units":{"type":"GeometryCollection","geometries":[{"arcs":[[0]],"type":"Polygon","properties":{"name":"Rota","fips":"100"}},{"arcs":[[1]],"type":"Polygon","properties":{"name":"Tinian","fips":"120"}},{"arcs":[[2]],"type":"Polygon","properties":{"name":"Saipan","fips":"110"}},{"arcs":[[[3]],[[4]],[[5]],[[6]],[[7]],[[8]],[[9]],[[10]]],"type":"MultiPolygon","properties":{"name":"Northern Islands","fips":"085"}}]}}}