{"type":"Topology","arcs":[[[47,118],[23,-30],[21,-5]],[[91,83],[11,-44],[-10,-26],[-21,-13],[-58,26],[-13,72],[6,36]],[[6,134],[41,-16]],[[47,118],[22,70]],[[69,188],[26,-61],[-4,-44]],[[6,134],[7,52],[19,79],[31,-11],[-5,-33],[11,-33]]],"transform":{"scale":[0.000872549019607969,0.000543396226415115],"translate":[-62.230000000000004,16.674999999999997]},"objects":{"units":{"type":"GeometryCollection","geometries":[{"arcs":[[0,1,2]],"type":"Polygon","properties":{"name":"Saint Anthony","fips":"MH01"}},{"arcs":[[-1,3,4]],"type":"Polygon","properties":{"name":"Saint Georges","fips":"MH02"}},{"arcs":[[-4,-3,5]],"type":"Polygon","properties":{"name":"Saint Peter","fips":"MH03"}}]}}}