{"type":"Topology","arcs":[[[44,18591],[-22,7],[-22,53],[15,13],[29,-73]],[[1096,492],[-43,-13]],[[1053,479],[3,68]],[[1056,547],[26,0],[14,-55]],[[1082,358],[53,46]],[[1135,404],[23,-33],[6,-21],[-58,-38],[-24,46]],[[1417,389],[-25,4],[-33,-39],[-67,-7]],[[1292,347],[13,68],[-56,71],[37,55],[-62,68]],[[1224,609],[26,53]],[[1250,662],[117,111]],[[1367,773],[16,-30],[-4,-59],[21,-33],[11,-53],[27,-59],[-8,-93],[-13,-57]],[[1417,389],[5,-57],[-28,-13],[-32,-38],[-20,-42],[17,-70],[-23,-26],[-24,-60],[-15,-15],[-47,-22]],[[1250,46],[-6,62],[-14,61],[-22,35],[-54,7]],[[1154,211],[61,108]],[[1215,319],[39,-3],[38,31]],[[1154,578],[11,-5],[42,34],[17,2]],[[1215,319],[-25,26],[-10,31],[5,24],[-31,62],[-22,4],[-27,39],[-19,93]],[[1086,598],[21,13],[47,-33]],[[1154,578],[4,48],[-3,75],[-8,24],[-47,-2]],[[1100,723],[-5,2]],[[1095,725],[0,33],[18,49],[14,65],[11,31],[32,38],[22,8]],[[1192,949],[35,-63],[-5,-49],[33,-52],[-18,-33],[13,-90]],[[1154,211],[-39,11],[-10,-53],[-18,3]],[[1087,172],[1,28],[-33,18],[1,33],[-13,68],[26,26]],[[1069,345],[13,13]],[[1135,404],[-21,36]],[[1114,440],[-18,52]],[[1056,547],[13,55]],[[1069,602],[17,-4]],[[1069,602],[-7,38]],[[1062,640],[42,-7],[23,42],[-19,19],[-8,29]],[[1062,640],[-1,11]],[[1061,651],[30,39],[4,35]],[[1114,440],[-59,-25]],[[1055,415],[-2,64]],[[1192,949],[20,31],[29,2],[51,-22],[20,-31],[-7,-32],[40,-124],[22,0]],[[1055,415],[5,-57],[9,-13]],[[1087,172],[-14,13],[-47,-25],[-27,-33],[-21,-10],[9,-82]],[[987,35],[-24,-17],[-65,90],[-20,50],[18,11],[44,-4],[7,24],[5,70],[-13,11],[9,44],[1,101],[6,55],[33,110],[38,53],[35,18]],[[7786,1396],[-22,-20],[-32,53],[-4,37],[62,61],[36,20],[38,7],[45,-22],[-5,-35],[-23,-40],[-59,-24],[-36,-37]],[[1250,46],[-48,-24],[-96,-22],[-34,4],[-53,25],[-32,6]]],"transform":{"scale":[0.0008805158679984827,0.0005449528504072006],"translate":[56.53,-20.516999999999996]},"objects":{"units":{"type":"GeometryCollection","geometries":[{"arcs":[[0]],"type":"Polygon","properties":{"name":"Agaléga","fips":""}},{"arcs":[[1,2,3]],"type":"Polygon","properties":{"name":"Beau Bassin-Rose Hill","fips":""}},{"type":null,"properties":{"name":"Cargados Carajos Shoals","fips":""}},{"arcs":[[4,5]],"type":"Polygon","properties":{"name":"Curepipe","fips":""}},{"arcs":[[6,7,8,9,10]],"type":"Polygon","properties":{"name":"Flacq","fips":""}},{"arcs":[[11,12,13,14,-7]],"type":"Polygon","properties":{"name":"Grand Port","fips":""}},{"arcs":[[15,-8,-15,16,17]],"type":"Polygon","properties":{"name":"Moka","fips":""}},{"arcs":[[-9,-16,18,19,20,21]],"type":"Polygon","properties":{"name":"Pamplemousses","fips":""}},{"arcs":[[-17,-14,22,23,24,-6,25,26,-4,27,28]],"type":"Polygon","properties":{"name":"Plaines Wilhems","fips":""}},{"arcs":[[-18,-29,29,30,-19]],"type":"Polygon","properties":{"name":"Port Louis","fips":""}},{"arcs":[[-31,31,32,-20]],"type":"Polygon","properties":{"name":"Port Louis city","fips":""}},{"arcs":[[33,34,-2,-27]],"type":"Polygon","properties":{"name":"Quatre Bornes","fips":""}},{"arcs":[[-10,-22,35]],"type":"Polygon","properties":{"name":"Rivière du Rempart","fips":""}},{"arcs":[[-30,-28,-3,-35,36,-24,37,38,-32]],"type":"Polygon","properties":{"name":"Rivière Noire","fips":""}},{"arcs":[[39]],"type":"Polygon","properties":{"name":"Rodrigues","fips":""}},{"arcs":[[-13,40,-38,-23]],"type":"Polygon","properties":{"name":"Savanne","fips":""}},{"arcs":[[-5,-25,-37,-34,-26]],"type":"Polygon","properties":{"name":"Vacoas-Phoenix","fips":""}}]}}}