{"type":"Topology","arcs":[[[33,48],[-1,-9]],[[32,39],[-11,-8]],[[21,31],[-6,-9]],[[15,22],[-2,7]],[[13,29],[-2,21]],[[11,50],[4,5]],[[15,55],[18,-7]],[[15,22],[-5,-16]],[[10,6],[-4,20]],[[6,26],[7,3]],[[6,26],[-6,22]],[[0,48],[11,2]],[[0,48],[3,24]],[[3,72],[12,-17]],[[34,57],[-1,-9]],[[3,72],[4,22]],[[7,94],[27,-37]],[[34,62],[0,-5]],[[7,94],[6,3]],[[13,97],[21,-35]],[[35,73],[-1,-11]],[[13,97],[8,4]],[[21,101],[14,-28]],[[36,86],[-1,-13]],[[21,101],[6,5]],[[27,106],[9,-20]],[[27,106],[9,6]],[[36,112],[0,-26]],[[56,97],[-20,-11]],[[36,112],[20,-15]],[[57,73],[-21,13]],[[56,97],[1,-24]],[[57,73],[-5,-40]],[[52,33],[-20,6]],[[52,33],[-22,-33]],[[30,0],[-9,31]],[[30,0],[-20,6]]],"transform":{"scale":[0.0008771929824563398,0.0005446428571429201],"translate":[166.90699999999998,-0.5510000000000019]},"objects":{"units":{"type":"GeometryCollection","geometries":[{"arcs":[[0,1,2,3,4,5,6]],"type":"Polygon","properties":{"name":"Buada","fips":"NR07"}},{"arcs":[[7,8,9,-4]],"type":"Polygon","properties":{"name":"Boe","fips":"NR06"}},{"arcs":[[-10,10,11,-5]],"type":"Polygon","properties":{"name":"Aiwo","fips":"NR01"}},{"arcs":[[-6,-12,12,13]],"type":"Polygon","properties":{"name":"Denigomodu","fips":"NR08"}},{"arcs":[[14,-7,-14,15,16]],"type":"Polygon","properties":{"name":"Nibok","fips":"NR12"}},{"arcs":[[17,-17,18,19]],"type":"Polygon","properties":{"name":"Uaboe","fips":"NR13"}},{"arcs":[[20,-20,21,22]],"type":"Polygon","properties":{"name":"Baiti","fips":"NR05"}},{"arcs":[[23,-23,24,25]],"type":"Polygon","properties":{"name":"Ewa","fips":"NR09"}},{"arcs":[[-26,26,27]],"type":"Polygon","properties":{"name":"Anetan","fips":"NR03"}},{"arcs":[[28,-28,29]],"type":"Polygon","properties":{"name":"Anabar","fips":"NR02"}},{"arcs":[[30,-29,31]],"type":"Polygon","properties":{"name":"Ijuw","fips":"NR10"}},{"arcs":[[32,33,-1,-15,-18,-21,-24,-31]],"type":"Polygon","properties":{"name":"Anibare","fips":"NR04"}},{"arcs":[[34,35,-2,-34]],"type":"Polygon","properties":{"name":"Meneng","fips":"NR11"}},{"arcs":[[36,-8,-3,-36]],"type":"Polygon","properties":{"name":"Yaren","fips":"NR14"}}]}}}