{"type":"Topology","arcs":[[[3901,8227],[-15,-37],[-26,-28],[-21,13]],[[3839,8175],[-14,63],[-18,14],[6,44]],[[3813,8296],[39,0],[22,-16],[9,-37],[18,-16]],[[3933,8206],[8,-67],[-10,-32],[-30,15],[-31,-35],[-17,9],[-14,79]],[[3901,8227],[32,-21]],[[3455,7239],[-15,-18],[-26,64],[3,28],[23,2],[15,-19],[0,-57]],[[775,20],[-21,-20],[-23,28],[20,25],[24,-33]],[[33,136],[-25,-8],[-8,19],[12,33],[22,22],[26,2],[9,-20],[-13,-30],[-23,-18]],[[4074,9377],[-20,-16],[-9,47],[20,39],[19,-26],[-10,-44]],[[3732,7889],[-27,-42],[-32,-6],[-18,30],[2,60],[36,-60],[22,14],[48,76],[-4,55],[21,-17],[-12,-33],[17,-48],[-7,-12],[-46,-17]],[[3840,8071],[17,-28],[-17,-42],[-24,62],[-26,2],[-22,-29],[1,49],[8,15],[37,-9],[26,-20]],[[3969,8408],[12,-40],[-9,-37]],[[3972,8331],[-21,-2],[-17,44]],[[3934,8373],[15,56]],[[3949,8429],[20,-21]],[[4006,8518],[-39,17]],[[3967,8535],[-1,48]],[[3966,8583],[20,36],[-6,70]],[[3980,8689],[28,4]],[[4008,8693],[3,-86],[-5,-89]],[[3980,8689],[-13,63],[22,14],[19,-73]],[[3967,8535],[-5,-50]],[[3962,8485],[-25,32],[-14,-26],[-43,7]],[[3880,8498],[25,63],[19,13],[42,9]],[[3918,8304],[-17,-77]],[[3813,8296],[14,33],[16,-12],[22,9],[5,25],[-12,30]],[[3858,8381],[18,14],[42,-91]],[[3972,8331],[-6,-29],[-26,-55],[-7,-41]],[[3918,8304],[16,69]],[[3962,8485],[-13,-56]],[[3858,8381],[-18,22],[37,62],[3,33]],[[4006,8518],[-15,-62],[-22,-48]],[[3534,7421],[-8,28],[40,123],[16,-37],[-16,-39],[10,-25],[-25,-13],[-17,-37]]],"transform":{"scale":[0.0008805093046033309,0.000544934899968245],"translate":[131.13100000000003,2.948999999999998]},"objects":{"units":{"type":"GeometryCollection","geometries":[{"arcs":[[0,1,2]],"type":"Polygon","properties":{"name":"Aimeliik","fips":""}},{"arcs":[[3,-1,4]],"type":"Polygon","properties":{"name":"Airai","fips":""}},{"arcs":[[5]],"type":"Polygon","properties":{"name":"Angaur","fips":""}},{"arcs":[[[6]],[[7]]],"type":"MultiPolygon","properties":{"name":"Hatobohei","fips":""}},{"arcs":[[8]],"type":"Polygon","properties":{"name":"Kayangel","fips":""}},{"arcs":[[[9]],[[10]]],"type":"MultiPolygon","properties":{"name":"Koror","fips":""}},{"arcs":[[11,12,13,14]],"type":"Polygon","properties":{"name":"Melekeok","fips":""}},{"arcs":[[15,16,17,18,19]],"type":"Polygon","properties":{"name":"Ngaraard","fips":""}},{"arcs":[[-19,20]],"type":"Polygon","properties":{"name":"Ngarchelong","fips":""}},{"arcs":[[21,22,23,-17]],"type":"Polygon","properties":{"name":"Ngardmau","fips":""}},{"arcs":[[24,-3,25,26]],"type":"Polygon","properties":{"name":"Ngatpang","fips":""}},{"arcs":[[27,-5,-25,28,-13]],"type":"Polygon","properties":{"name":"Ngchesar","fips":""}},{"arcs":[[29,-14,-29,-27,30,-23]],"type":"Polygon","properties":{"name":"Ngeremlengui","fips":""}},{"arcs":[[31,-15,-30,-22,-16]],"type":"Polygon","properties":{"name":"Ngiwal","fips":""}},{"arcs":[[32]],"type":"Polygon","properties":{"name":"Peleliu","fips":""}},{"type":null,"properties":{"name":"Sonsorol","fips":""}}]}}}