{"type":"Topology","arcs":[[[300,270],[-11,-50]],[[289,220],[-17,-11],[-13,-31],[2,-37],[27,-69]],[[288,72],[-58,-61]],[[230,11],[-32,20],[-10,20],[-5,57]],[[183,108],[21,28],[-6,33],[27,37],[-14,42],[12,29],[37,2],[8,17]],[[268,296],[32,-26]],[[230,11],[-9,-11],[-56,4],[-16,36],[-24,17],[-52,15],[-50,-2],[-20,7],[-3,55],[34,77],[10,55],[39,39],[50,0]],[[133,303],[-5,-75],[35,-52],[-10,-25],[30,-43]],[[133,303],[49,33],[31,-4],[55,-36]],[[365,228],[-23,-32],[-4,-34],[-41,25],[-8,33]],[[300,270],[65,-42]],[[365,228],[42,-30],[-32,-73],[-24,-30],[-63,-23]]],"transform":{"scale":[0.0008796068796068897,0.0005446428571428356],"translate":[103.64499999999998,1.2660000000000053]},"objects":{"units":{"type":"GeometryCollection","geometries":[{"arcs":[[0,1,2,3,4,5]],"type":"Polygon","properties":{"name":"Central Singapore","fips":""}},{"arcs":[[-4,6,7]],"type":"Polygon","properties":{"name":"South West","fips":""}},{"arcs":[[-5,-8,8]],"type":"Polygon","properties":{"name":"North West","fips":""}},{"arcs":[[9,-1,10]],"type":"Polygon","properties":{"name":"North East","fips":""}},{"arcs":[[-2,-10,11]],"type":"Polygon","properties":{"name":"South East","fips":""}}]}}}