{"type":"Topology","arcs":[[[50,59660],[20,0],[11,-28],[42,-51],[17,-31],[-63,-55],[-46,-9],[-17,11],[-14,64],[31,92],[19,7]],[[9939,44949],[17,-60],[-2,-54],[-10,-29],[-45,-46],[-16,26],[-34,-42],[-20,-4],[-30,38],[23,92],[17,28],[37,38],[48,4],[15,9]],[[5137,22],[-34,-22],[-45,28],[-85,80],[11,46],[24,18],[52,4],[22,-18],[20,-68],[23,-28],[12,-40]],[[2446,5962],[-14,0],[-66,82],[49,88],[53,-5],[61,-59],[-10,-24],[-73,-82]]],"transform":{"scale":[0.0008804740859783065,0.0005449715051961112],"translate":[-14.418000000000006,-40.397999999999996]},"objects":{"units":{"type":"GeometryCollection","geometries":[{"arcs":[[0]],"type":"Polygon","properties":{"name":"Ascension","fips":""}},{"arcs":[[1]],"type":"Polygon","properties":{"name":"Saint Helena","fips":""}},{"arcs":[[[2]],[[3]]],"type":"MultiPolygon","properties":{"name":"Tristan da Cunha","fips":""}}]}}}