{"type":"Topology","arcs":[[[71,114],[10,-40]],[[81,74],[9,-17]],[[90,57],[-27,-18]],[[63,39],[-26,50]],[[37,89],[-2,42]],[[35,131],[12,9]],[[47,140],[24,-26]],[[63,39],[-7,-19]],[[56,20],[-30,24],[-21,2]],[[5,46],[-5,13]],[[0,59],[37,30]],[[0,59],[11,42],[24,30]],[[120,133],[-49,-19]],[[47,140],[63,26],[10,-33]],[[121,103],[-40,-29]],[[120,133],[1,-30]],[[111,66],[-6,-11]],[[105,55],[-11,0]],[[94,55],[-4,2]],[[121,103],[-10,-37]],[[105,55],[-16,-42]],[[89,13],[5,42]],[[89,13],[-26,-13]],[[63,0],[-7,20]],[[63,0],[-23,4],[-24,14],[-11,28]]],"transform":{"scale":[0.0008760330578511946,0.0005421686746988157],"translate":[12.385999999999996,43.893]},"objects":{"units":{"type":"GeometryCollection","geometries":[{"arcs":[[0,1,2,3,4,5,6]],"type":"Polygon","properties":{"name":"Borgo Maggiore","fips":"SM06"}},{"arcs":[[7,8,9,10,-4]],"type":"Polygon","properties":{"name":"San Marino","fips":"SM07"}},{"arcs":[[-11,11,-5]],"type":"Polygon","properties":{"name":"Acquaviva","fips":"SM01"}},{"arcs":[[12,-7,13]],"type":"Polygon","properties":{"name":"Serravalle","fips":"SM09"}},{"arcs":[[14,-1,-13,15]],"type":"Polygon","properties":{"name":"Domagnano","fips":"SM03"}},{"arcs":[[16,17,18,-2,-15,19]],"type":"Polygon","properties":{"name":"Faetano","fips":"SM04"}},{"arcs":[[20,21,-18]],"type":"Polygon","properties":{"name":"Montegiardino","fips":"SM08"}},{"arcs":[[-22,22,23,-8,-3,-19]],"type":"Polygon","properties":{"name":"Fiorentino","fips":"SM05"}},{"arcs":[[-24,24,-9]],"type":"Polygon","properties":{"name":"Chiesanuova","fips":"SM02"}}]}}}