{"type":"Topology","arcs":[[[259,4],[-61,-4],[-21,20],[55,76],[50,1],[-23,-93]],[[139,448],[-64,-13],[18,-29],[-2,-116],[5,-24],[43,-9],[43,-42],[-15,-55],[-45,-52],[-65,-55],[-29,4],[-4,51],[-24,41],[60,73],[17,72],[-10,71],[-54,151],[-13,143],[27,4],[17,-39],[59,-22],[60,-53],[-4,-66],[-20,-35]]],"transform":{"scale":[0.0008794326241134918,0.000544494720965337],"translate":[-56.396,46.75499999999999]},"objects":{"units":{"type":"GeometryCollection","geometries":[{"arcs":[[0]],"type":"Polygon","properties":{"name":"Saint-Pierre","fips":""}},{"arcs":[[1]],"type":"Polygon","properties":{"name":"Miquelon-Langlade","fips":""}}]}}}