{"type":"Topology","arcs":[[[175,95],[-43,0],[-12,-66],[-12,-25],[-23,-4],[-24,15],[-6,31],[7,35],[-3,33],[-12,20],[-41,207],[-6,19],[10,84],[22,42],[9,41],[40,64],[51,31],[36,46],[36,39],[45,-8],[26,-27],[26,-46],[22,-53],[12,-50],[5,-50],[-5,-62],[-19,-57],[-42,-71],[-32,-87],[-25,-14],[8,-33],[-30,-15],[-20,-39]],[[1104,2916],[2,-40],[-11,-55],[-23,-13],[-28,-33],[-10,29],[-45,20],[-3,92],[29,9],[10,17],[9,88],[14,27],[21,15],[52,-13],[16,-33],[-32,-29],[31,-52],[-32,-29]]],"transform":{"scale":[0.0008803869832893371,0.0005449218750000021],"translate":[6.4620000000000175,0.02599999999999625]},"objects":{"units":{"type":"GeometryCollection","geometries":[{"arcs":[[0]],"type":"Polygon","properties":{"name":"São Tomé","fips":"TP02"}},{"arcs":[[1]],"type":"Polygon","properties":{"name":"Príncipe","fips":"TP01"}}]}}}