{"type":"Topology","arcs":[[[308,0],[-25,13],[35,37],[-10,-50]],[[329,662],[-14,-9],[-59,-64],[-85,2],[-92,-44],[-74,-6],[-5,70],[50,-22],[52,4],[37,33],[19,-2],[31,16],[44,37],[38,0],[-18,30],[-5,44],[53,-37],[24,-26],[4,-26]],[[224,751],[-18,-28],[-37,-7],[-35,7],[-19,17],[-15,-13],[-42,22],[39,24],[44,-6],[44,-13],[39,-3]],[[11405,4758],[-29,-71],[14,97],[11,37],[16,-22],[-12,-41]],[[10561,9298],[-4,-16]],[[10557,9282],[-25,14]],[[10532,9296],[3,8]],[[10535,9304],[26,-6]],[[10528,9298],[9,-73]],[[10537,9225],[-4,-35]],[[10533,9190],[-14,6]],[[10519,9196],[-16,55]],[[10503,9251],[19,51]],[[10522,9302],[6,-4]],[[10482,9447],[-21,-11]],[[10461,9436],[0,33]],[[10461,9469],[7,24],[19,5]],[[10487,9498],[-5,-51]],[[10557,9282],[-4,-35],[7,-53]],[[10560,9194],[-23,31]],[[10528,9298],[4,-2]],[[10560,9194],[-13,-24],[10,-37]],[[10557,9133],[-18,-2]],[[10539,9131],[-6,59]],[[10539,9131],[-19,-11]],[[10520,9120],[-7,28],[-27,4],[5,33],[28,11]],[[10832,9904],[-31,38],[-65,65]],[[10736,10007],[23,7],[17,-24],[32,-15],[8,-18],[26,6],[-10,-59]],[[10461,9436],[-3,-18]],[[10458,9418],[-7,-17]],[[10451,9401],[-21,20]],[[10430,9421],[22,48]],[[10452,9469],[9,0]],[[10483,9397],[4,-38]],[[10487,9359],[-6,-20]],[[10481,9339],[-16,13],[-11,38]],[[10454,9390],[14,17]],[[10468,9407],[13,5]],[[10481,9412],[2,-15]],[[10451,9401],[-27,-31],[-33,26]],[[10391,9396],[39,25]],[[10544,9324],[-9,-20]],[[10522,9302],[-14,29]],[[10508,9331],[7,6]],[[10515,9337],[4,15]],[[10519,9352],[25,-28]],[[10452,9469],[1,44],[24,2],[10,-17]],[[10502,9326],[6,5]],[[10503,9251],[-12,1],[-21,50]],[[10470,9302],[11,37]],[[10481,9339],[21,-13]],[[10832,9904],[-10,-15],[-30,11],[-17,41],[-37,20],[-2,46]],[[10255,9629],[-20,-8],[-16,31],[-8,45],[4,33],[40,-33],[10,-32],[-10,-36]],[[10918,9860],[-23,26],[10,42],[13,-11],[15,-41],[-15,-16]],[[10482,9447],[-1,-35]],[[10468,9407],[-7,29]],[[10468,9407],[-10,11]],[[10483,9397],[13,-16]],[[10496,9381],[-9,-22]],[[10501,9372],[-2,-15]],[[10499,9357],[3,-31]],[[10496,9381],[5,-9]],[[10544,9324],[17,-26]],[[10470,9302],[-16,4],[-42,47],[-31,6],[10,37]],[[10451,9401],[3,-11]],[[10557,9133],[14,-62],[-39,14],[-12,35]],[[10499,9357],[16,-20]],[[10501,9372],[18,-20]]],"transform":{"scale":[0.000880529035648594,0.0005449370880766934],"translate":[46.23000000000002,-9.747]},"objects":{"units":{"type":"GeometryCollection","geometries":[{"arcs":[[[0]],[[1]],[[2]],[[3]]],"type":"MultiPolygon","properties":{"name":"Outer Islands","fips":""}},{"arcs":[[4,5,6,7]],"type":"Polygon","properties":{"name":"Anse aux Pins","fips":""}},{"arcs":[[8,9,10,11,12,13]],"type":"Polygon","properties":{"name":"Anse Boileau","fips":""}},{"arcs":[[14,15,16,17]],"type":"Polygon","properties":{"name":"Anse Etoile","fips":""}},{"arcs":[[-6,18,19,-9,20]],"type":"Polygon","properties":{"name":"Au Cap","fips":""}},{"arcs":[[21,22,23,-10,-20]],"type":"Polygon","properties":{"name":"Anse Royale","fips":""}},{"arcs":[[-24,24,25,-11]],"type":"Polygon","properties":{"name":"Baie Lazare","fips":""}},{"arcs":[[26,27]],"type":"Polygon","properties":{"name":"Baie Sainte Anne","fips":""}},{"arcs":[[-16,28,29,30,31,32]],"type":"Polygon","properties":{"name":"Beau Vallon","fips":""}},{"arcs":[[33,34,35,36,37,38]],"type":"Polygon","properties":{"name":"Bel Air","fips":""}},{"arcs":[[39,40,-31]],"type":"Polygon","properties":{"name":"Bel Ombre","fips":""}},{"arcs":[[41,-7,-21,-14,42,43,44,45]],"type":"Polygon","properties":{"name":"Cascade","fips":""}},{"arcs":[[-17,-33,46]],"type":"Polygon","properties":{"name":"Glacis","fips":""}},{"arcs":[[47,-43,-13,48,49,50]],"type":"Polygon","properties":{"name":"Grand'Anse","fips":""}},{"arcs":[[51,-27]],"type":"Polygon","properties":{"name":"Grand'Anse Praslin","fips":""}},{"arcs":[[[52]],[[53]]],"type":"MultiPolygon","properties":{"name":"La Digue and Inner Islands","fips":""}},{"arcs":[[54,-38,55,-15]],"type":"Polygon","properties":{"name":"English River","fips":""}},{"arcs":[[56,-29,-56]],"type":"Polygon","properties":{"name":"Mont Buxton","fips":""}},{"arcs":[[-34,57,58]],"type":"Polygon","properties":{"name":"Mont Fleuri","fips":""}},{"arcs":[[59,60,-51,-35,-59,61]],"type":"Polygon","properties":{"name":"Plaisance","fips":""}},{"arcs":[[-8,-42,62]],"type":"Polygon","properties":{"name":"Pointe La Rue","fips":""}},{"arcs":[[-50,63,-40,64,-36]],"type":"Polygon","properties":{"name":"Port Glaud","fips":""}},{"arcs":[[-37,-65,-30,-57]],"type":"Polygon","properties":{"name":"Saint Louis","fips":""}},{"arcs":[[-25,-23,65]],"type":"Polygon","properties":{"name":"Takamaka","fips":""}},{"arcs":[[-44,-48,-61,66]],"type":"Polygon","properties":{"name":"Les Mamelles","fips":""}},{"arcs":[[-45,-67,-60,67]],"type":"Polygon","properties":{"name":"Roche Caïman","fips":""}}]}}}