{"type":"Topology","arcs":[[[751,723],[30,6],[71,-13],[46,11],[28,-35],[27,-90],[-43,-44],[-20,44],[-15,-25],[-18,49],[-29,15],[-99,-17],[-23,61],[-3,68],[28,-9],[20,-21]],[[635,922],[-1,-42],[10,-107],[29,-72],[-74,56],[-21,34],[2,24],[22,65],[-9,31],[-18,-17],[-43,-64],[-23,13],[-12,75],[28,24],[66,0],[44,-20]],[[20,365],[-20,4],[8,33],[2,74],[32,7],[0,-53],[-22,-65]],[[184,746],[72,-100],[37,-9],[36,15],[26,44],[13,4],[25,-35],[-40,-63],[-7,39],[-31,-26],[-2,-26],[-29,6],[-16,20],[-45,-55],[-8,53],[-40,28],[-13,-15],[-14,50],[11,57],[25,13]],[[1105,154],[1,-42],[-28,-33],[-20,18],[-2,33],[49,24]],[[1147,400],[-12,-3],[-42,79],[-74,55],[-21,35],[17,23],[38,-36],[70,-41],[22,-25],[11,-39],[-9,-48]],[[1517,0],[-20,9],[1,41],[25,-2],[-6,-48]]],"transform":{"scale":[0.0008804990151017781,0.000544585987261152],"translate":[-72.47,21.445999999999998]},"objects":{"units":{"type":"GeometryCollection","geometries":[{"arcs":[[0]],"type":"Polygon","properties":{"name":"Middle Caicos","fips":""}},{"arcs":[[1]],"type":"Polygon","properties":{"name":"North Caicos","fips":""}},{"arcs":[[[2]],[[3]]],"type":"MultiPolygon","properties":{"name":"Providenciales and West Caicos","fips":""}},{"arcs":[[[4]],[[5]]],"type":"MultiPolygon","properties":{"name":"South Caicos and East Caicos","fips":""}},{"arcs":[[6]],"type":"Polygon","properties":{"name":"Grand Turk","fips":""}},{"type":null,"properties":{"name":"Salt Cay","fips":""}}]}}}