{"type":"Topology","arcs":[[[421,595],[74,18],[36,-35],[3,-20],[-25,-31],[16,-28],[35,28],[43,-26],[17,7],[14,44],[16,24],[26,15],[28,-2],[17,-27],[-10,-46],[-65,-72],[4,-75],[-15,-35],[-25,-9],[-35,24],[-19,53],[-15,22],[-54,40],[-9,-14],[-28,25],[-41,22],[-27,61],[-17,49],[11,44],[45,-56]],[[1188,4822],[-16,0],[-11,30],[16,38],[26,-33],[-15,-35]],[[2013,5210],[-10,-57],[-22,38],[-19,-20],[11,-29],[-16,-39],[-26,-13],[-5,-62],[-14,11],[-16,64],[18,13],[-11,51],[-13,-18],[-9,-44],[-33,-2],[-14,55],[53,53],[16,50],[26,20],[36,0],[17,-11],[30,-40],[1,-20]],[[2226,10059],[-16,-25],[-19,0],[-9,33],[51,49],[5,-25],[-12,-32]],[[77,10724],[-24,-42],[-34,3],[-19,37],[3,37],[22,29],[37,11],[21,-24],[-6,-51]],[[1025,2176],[-21,-11],[-3,39],[26,9],[-2,-37]],[[1552,2984],[-22,-6],[-25,39],[28,24],[12,51],[23,-13],[-16,-95]],[[725,3053],[-13,-36],[-32,24],[-13,69],[2,54],[32,16],[18,-22],[8,-50],[-2,-55]],[[1606,3112],[-34,9],[37,87],[20,-4],[-23,-92]],[[757,3230],[-17,-6],[0,50],[23,-4],[-6,-40]],[[1638,3301],[-23,-7],[-27,71],[50,-64]],[[877,2],[-25,-2],[-7,28],[-47,58],[15,26],[-8,44],[6,22],[23,15],[29,82],[13,6],[7,-68],[-7,-96],[1,-115]]],"transform":{"scale":[0.0008802502234137618,0.0005449578664691167],"translate":[-175.686,-21.44499999999999]},"objects":{"units":{"type":"GeometryCollection","geometries":[{"arcs":[[0]],"type":"Polygon","properties":{"name":"Tongatapu","fips":""}},{"arcs":[[[1]],[[2]]],"type":"MultiPolygon","properties":{"name":"Vava'u","fips":""}},{"arcs":[[[3]],[[4]]],"type":"MultiPolygon","properties":{"name":"Niuas","fips":""}},{"arcs":[[[5]],[[6]],[[7]],[[8]],[[9]],[[10]]],"type":"MultiPolygon","properties":{"name":"Ha'apai","fips":""}},{"arcs":[[11]],"type":"Polygon","properties":{"name":"'Eua","fips":""}}]}}}