{"type":"Topology","arcs":[[[1456,2133],[-36,50],[-29,18],[42,49],[23,45],[-9,29]],[[1447,2324],[81,40],[27,-16],[22,40],[20,2],[-3,-103],[-8,-38],[-20,3],[-8,-27],[-31,3],[-20,-45],[-51,-50]],[[1456,2133],[-38,6],[-70,-56],[-20,-7],[-30,-42],[-19,-13],[-8,29],[-17,-12],[-26,22],[3,27],[40,22],[18,48],[96,99],[33,46],[29,22]],[[475,1164],[-26,2],[-17,-19]],[[432,1147],[-57,31],[-58,8],[-21,35],[60,64],[15,11],[47,-7],[52,20],[29,0]],[[499,1309],[2,-46],[-7,-44],[-19,-55]],[[463,363],[50,-69],[9,-30],[-10,-82],[-24,-63],[-5,-68]],[[483,51],[-46,11],[-43,-23],[-46,-13],[-16,3],[-36,33],[-44,15],[-98,0],[-27,-5],[-59,-57],[-43,-15],[-25,26],[11,25],[55,44],[36,11],[20,39],[37,37],[93,46]],[[252,228],[17,-44],[24,9],[24,33],[21,49],[-9,33]],[[329,308],[-1,57],[32,13],[59,-16],[44,1]],[[749,1041],[-22,26],[4,56],[16,-23],[2,-59]],[[1012,775],[-65,11],[-116,-26]],[[831,760],[-22,11],[-3,24],[11,70],[-13,29],[-3,77],[-17,37]],[[784,1008],[29,24],[14,51],[-16,42],[1,107],[6,31],[16,13],[43,59],[-1,33],[-16,31]],[[860,1399],[19,22],[66,13],[20,14],[148,26],[48,-15],[-49,-136],[-59,-117],[-22,7],[-13,-35],[-6,-55],[1,-53],[22,-112],[4,-55],[-32,-44],[5,-84]],[[1012,775],[11,-101],[14,-50],[20,-48],[42,-47],[-32,-57],[-15,-94],[0,-108],[8,-94],[-24,9],[-29,-12],[-65,-76],[-25,-14],[-64,-22]],[[853,61],[-16,284],[-18,53],[-32,48],[-9,40]],[[778,486],[17,39],[9,50],[12,141],[15,44]],[[590,962],[-36,-2],[-24,-50]],[[530,910],[0,37],[-11,68],[-27,55],[0,20]],[[492,1090],[4,39],[-21,35]],[[499,1309],[19,9],[44,4],[39,11],[37,64],[16,2]],[[654,1399],[22,-88],[-15,-37],[-74,9],[-16,-22],[-3,-33],[9,-79],[-1,-46],[14,-141]],[[853,61],[-16,-2],[-69,18],[-98,-27],[-45,7]],[[625,57],[7,264],[-22,39],[-56,38]],[[554,398],[15,94]],[[569,492],[23,4],[38,25],[39,13],[33,0],[34,-11],[42,-37]],[[569,492],[-36,0]],[[533,492],[-32,220],[21,94],[8,77]],[[530,883],[23,-6],[42,-31],[37,15],[10,60],[-6,41]],[[636,962],[5,13],[31,-2],[30,16],[49,4],[33,15]],[[625,57],[-43,5],[-99,-11]],[[463,363],[36,17]],[[499,380],[55,18]],[[252,228],[43,33],[34,47]],[[636,962],[-46,0]],[[654,1399],[65,-11],[132,0],[9,11]],[[499,380],[31,61],[3,51]],[[530,883],[0,27]],[[492,1090],[-60,57]]],"transform":{"scale":[0.0008804007514088954,0.0005447698744769902],"translate":[-61.929,10.042000000000002]},"objects":{"units":{"type":"GeometryCollection","geometries":[{"arcs":[[0,1]],"type":"Polygon","properties":{"name":"Eastern Tobago","fips":"TD11"}},{"arcs":[[2,-1]],"type":"Polygon","properties":{"name":"Western Tobago","fips":"TD11"}},{"arcs":[[3,4,5]],"type":"Polygon","properties":{"name":"Diego Martin","fips":"TD00"}},{"arcs":[[6,7,8,9]],"type":"Polygon","properties":{"name":"Siparia","fips":"TD00"}},{"arcs":[[10]],"type":"Polygon","properties":{"name":"Arima","fips":"TD01"}},{"arcs":[[11,12,13,14]],"type":"Polygon","properties":{"name":"Sangre Grande","fips":"TD00"}},{"arcs":[[15,16,17,-12]],"type":"Polygon","properties":{"name":"Rio Claro-Mayaro","fips":"TD00"}},{"arcs":[[18,19,20,-6,21,22]],"type":"Polygon","properties":{"name":"San Juan-Laventille","fips":"TD00"}},{"arcs":[[-17,23,24,25,26]],"type":"Polygon","properties":{"name":"Princes Town","fips":"TD00"}},{"arcs":[[-18,-27,27,28,29,30,-13]],"type":"Polygon","properties":{"name":"Couva-Tabaquite-Talparo","fips":"TD00"}},{"arcs":[[31,-7,32,33,-25]],"type":"Polygon","properties":{"name":"Penal-Debe","fips":"TD00"}},{"arcs":[[34,-9]],"type":"Polygon","properties":{"name":"Point Fortin","fips":"TD00"}},{"arcs":[[-14,-31,35,-23,36],[-11]],"type":"Polygon","properties":{"name":"Tunapuna/Piarco","fips":"TD00"}},{"arcs":[[-34,37,-28,-26]],"type":"Polygon","properties":{"name":"San Fernando","fips":"TD10"}},{"arcs":[[-30,38,-19,-36]],"type":"Polygon","properties":{"name":"Chaguanas","fips":"TD00"}},{"arcs":[[-21,39,-4]],"type":"Polygon","properties":{"name":"Port of Spain","fips":"TD05"}}]}}}