{"type":"Topology","arcs":[[[35,28],[0,-26],[-35,-2],[5,22],[30,6]]],"transform":{"scale":[0.0008571428571428896,0.000535714285714306],"translate":[-162.091,5.872]},"objects":{"units":{"type":"GeometryCollection","geometries":[{"type":null,"properties":{"name":"Baker Island","fips":"FQ050"}},{"type":null,"properties":{"name":"Howland Island","fips":"HQ100"}},{"type":null,"properties":{"name":"Jarvis Island","fips":"DQ150"}},{"type":null,"properties":{"name":"Johnston Atoll","fips":"JQ200"}},{"type":null,"properties":{"name":"Kingman Reef","fips":"KQ250"}},{"type":null,"properties":{"name":"Midway Islands","fips":"MQ300"}},{"type":null,"properties":{"name":"Navassa Island","fips":"BQ350"}},{"arcs":[[0]],"type":"Polygon","properties":{"name":"Palmyra Atoll","fips":"LQ400"}},{"type":null,"properties":{"name":"Wake Atoll","fips":"WQ450"}}]}}}