{"type":"Topology","arcs":[[[364,1123],[-44,9],[-21,26]],[[299,1158],[-6,40]],[[293,1198],[12,44]],[[305,1242],[15,-5],[4,59],[0,161]],[[324,1457],[31,-11],[12,-39],[11,-82],[0,-112],[-14,-90]],[[26,4],[-26,-4],[0,39],[31,-13],[-5,-22]],[[139,198],[-1,61],[24,-11],[-23,-50]],[[262,747],[-16,5],[-10,37],[54,64],[8,-25],[-16,-26],[-20,-55]],[[299,1158],[-6,-22],[-45,-77]],[[248,1059],[-37,44]],[[211,1103],[58,86],[24,9]],[[305,1242],[-15,24],[-30,-38],[-46,20]],[[214,1248],[-2,44],[31,7],[12,42],[8,54],[15,42],[28,20],[18,0]],[[364,1123],[-2,-20],[-33,-75],[-20,-24],[-61,55]],[[211,1103],[-9,53],[2,62],[10,30]]],"transform":{"scale":[0.000878306878306899,0.0005449553877831139],"translate":[-61.456,12.585999999999999]},"objects":{"units":{"type":"GeometryCollection","geometries":[{"arcs":[[0,1,2,3,4]],"type":"Polygon","properties":{"name":"Charlotte","fips":"VC01"}},{"arcs":[[[5]],[[6]],[[7]]],"type":"MultiPolygon","properties":{"name":"Grenadines","fips":"VC06"}},{"arcs":[[8,9,10,-2]],"type":"Polygon","properties":{"name":"Saint Andrew","fips":"VC02"}},{"arcs":[[-4,11,12]],"type":"Polygon","properties":{"name":"Saint David","fips":"VC03"}},{"arcs":[[13,-9,-1]],"type":"Polygon","properties":{"name":"Saint George","fips":"VC04"}},{"arcs":[[-3,-11,14,-12]],"type":"Polygon","properties":{"name":"Saint Patrick","fips":"VC05"}}]}}}