{"type":"Topology","arcs":[[[212,121],[-25,-16],[-38,-44],[-34,7],[-54,-68],[-61,6],[15,22],[20,3],[20,44],[4,30],[23,20],[17,-7],[76,12],[37,-9]],[[441,237],[-9,-28],[-54,-29],[-30,-44],[-40,-26],[27,59],[19,57],[63,2],[24,9]],[[487,645],[6,-61],[-65,43],[-50,3],[-32,35],[102,2],[39,-22]]],"transform":{"scale":[0.0008803245436105427,0.0005442278860569921],"translate":[-64.714,18.382999999999996]},"objects":{"units":{"type":"GeometryCollection","geometries":[{"arcs":[[[0]],[[1]],[[2]]],"type":"MultiPolygon","properties":{"name":"British Virgin Islands","fips":""}}]}}}