{"type":"Topology","arcs":[[[127,1268],[84,-73],[-5,-39],[-22,-27],[-35,22],[-40,38],[-42,-2],[-14,22],[-35,-16],[-18,27],[33,28],[28,11],[42,-2],[24,11]],[[427,1207],[-10,-23],[-26,-13],[-8,-44],[-36,31],[-57,-9],[-17,24],[17,40],[39,22],[5,22],[57,-22],[36,-28]],[[352,139],[47,-36],[26,33],[41,13],[44,-4],[38,-18],[-127,-76],[-233,-51],[-14,20],[0,101],[14,39],[42,-21],[50,43],[26,9],[46,-52]]],"transform":{"scale":[0.0008795620437956191,0.0005449526813880034],"translate":[-65.041,17.689000000000007]},"objects":{"units":{"type":"GeometryCollection","geometries":[{"arcs":[[0]],"type":"Polygon","properties":{"name":"Saint Thomas","fips":"010"}},{"arcs":[[1]],"type":"Polygon","properties":{"name":"Saint John","fips":"020"}},{"arcs":[[2]],"type":"Polygon","properties":{"name":"Saint Croix","fips":"030"}}]}}}