{"type":"Topology","arcs":[[[62,226],[-6,-61],[11,-44]],[[67,121],[-34,15],[-21,51],[-12,53],[9,28],[41,-20],[12,-22]],[[2316,1892],[-13,-4],[-28,20],[-1,28],[-18,61],[19,23],[-8,39],[7,35],[33,53],[27,-72],[6,-29],[-25,-84],[7,-48],[-6,-22]],[[208,73],[29,-16],[-63,-57],[-40,33],[10,28],[38,27],[26,-15]],[[62,226],[27,-42],[69,-63],[0,-11],[-91,11]]],"transform":{"scale":[0.0008803418803418813,0.0005449464368886827],"translate":[-178.186,-14.379000000000005]},"objects":{"units":{"type":"GeometryCollection","geometries":[{"arcs":[[0,1]],"type":"Polygon","properties":{"name":"Sigave","fips":""}},{"arcs":[[2]],"type":"Polygon","properties":{"name":"`Uvea","fips":""}},{"arcs":[[[3]],[[-1,4]]],"type":"MultiPolygon","properties":{"name":"Alo","fips":""}}]}}}