{"type":"Topology","arcs":[[[1100,442],[3,-99],[24,-9],[-1,99]],[[1126,433],[161,-99]],[[1287,334],[-18,-108],[16,-211]],[[1285,15],[-36,13],[-67,-26],[-22,5],[-15,43],[-71,42],[-19,2]],[[1055,94],[7,106]],[[1062,200],[5,68],[-10,62],[-6,123]],[[1051,453],[49,-11]],[[826,351],[14,29],[18,9]],[[858,389],[11,-42],[-16,-13],[-27,17]],[[1062,200],[-27,4],[-5,-116]],[[1030,88],[-39,-2],[-34,30],[-36,80],[-19,-5],[-19,44],[-40,18]],[[843,253],[78,77],[-24,83]],[[897,413],[32,17],[97,25],[25,-2]],[[843,253],[-23,17],[-3,38],[9,43]],[[858,389],[39,24]],[[1361,310],[19,-24],[11,-51]],[[1391,235],[-30,-6],[-8,-75],[39,-26],[44,13],[39,-29],[18,42]],[[1493,154],[35,-68],[-11,-58],[-21,-28],[-80,13],[-71,-4],[-23,19],[-37,-13]],[[1287,334],[49,-9],[25,-15]],[[1391,235],[-6,-44],[51,7],[57,-44]],[[648,463],[-25,53],[-22,29],[-65,213]],[[536,758],[16,143],[84,8]],[[636,909],[0,-37],[25,-28],[13,-115],[16,-44],[-6,-41],[-34,-79],[-5,-42],[3,-60]],[[1055,94],[-25,-6]],[[1100,442],[26,-9]],[[536,758],[-41,2]],[[495,760],[-50,4]],[[445,764],[-26,0]],[[419,764],[55,319]],[[474,1083],[50,-7],[24,-17],[22,-33],[66,-117]],[[419,764],[-187,7]],[[232,771],[-60,61]],[[172,832],[-8,143]],[[164,975],[27,24],[52,14],[43,31],[90,0],[24,6],[74,33]],[[172,832],[-29,27],[-52,-59]],[[91,800],[-18,26],[-8,39],[-28,7],[-29,66],[-8,40],[18,17],[40,0],[42,-24],[64,4]],[[528,518],[-41,-24]],[[487,494],[-42,270]],[[495,760],[33,-242]],[[232,771],[-34,-110]],[[198,661],[-28,20],[-38,88],[-41,31]],[[648,463],[-35,-8],[-23,13],[-39,51],[-23,-1]],[[487,494],[-17,-9],[-175,-30],[-31,50],[-28,27],[-25,114],[-13,15]]],"transform":{"scale":[0.0008802356020942401,0.0005447830101569745],"translate":[-172.783,-14.052999999999997]},"objects":{"units":{"type":"GeometryCollection","geometries":[{"arcs":[[0,1,2,3,4,5,6]],"type":"Polygon","properties":{"name":"Tuamasaga","fips":"WS10"}},{"arcs":[[[7,8]],[[9,10,11,12,-6]]],"type":"MultiPolygon","properties":{"name":"A'ana","fips":"WS01"}},{"arcs":[[13,-9,14,-12]],"type":"Polygon","properties":{"name":"Aiga-i-le-Tai","fips":"WS02"}},{"arcs":[[15,16,17,-3,18]],"type":"Polygon","properties":{"name":"Atua","fips":"WS03"}},{"arcs":[[-17,19]],"type":"Polygon","properties":{"name":"Va'a-o-Fonoti","fips":"WS06"}},{"arcs":[[20,21,22]],"type":"Polygon","properties":{"name":"Fa'asaleleaga","fips":"WS04"}},{"arcs":[[[23,-10,-5]],[[-1,24]],[[25,26,27,28,29,-22]]],"type":"MultiPolygon","properties":{"name":"Gaga'emauga","fips":"WS05"}},{"arcs":[[30,31,32,33,-29]],"type":"Polygon","properties":{"name":"Gaga'ifomauga","fips":"WS07"}},{"arcs":[[-33,34,35]],"type":"Polygon","properties":{"name":"Vaisigano","fips":"WS11"}},{"arcs":[[[36,37,-27,38]],[[39,40,-35,-32]]],"type":"MultiPolygon","properties":{"name":"Satupa'itea","fips":"WS09"}},{"arcs":[[[41,-39,-26,-21]],[[-40,-31,-28,-38,42]]],"type":"MultiPolygon","properties":{"name":"Palauli","fips":"WS08"}}]}}}